repo_name,language,file_path,line_number,pattern_type,pattern_short,severity,confidence,scan_tool
Electronics-eCommerce-Shop-With-Admin-Dashboard-NextJS-NodeJS-main,Unknown,C:\Users\DHANUSH K P\OneDrive\Desktop\insecure-code-viz-main\repos\Electronics-eCommerce-Shop-With-Admin-Dashboard-NextJS-NodeJS-main\.github\workflows\blank1.yml,26,"GitHub Actions step uses a mutable tag or branch reference. Tags and branch names can be silently repointed by the action owner, enabling supply-chain attacks — as seen in the trivy-action and kics-github-action compromises. Pin the reference to a full 40-character commit SHA instead, e.g. `uses: actions/checkout@8ade135a41bc03ea155e62e844d188df1ea18608`.",Mutable GitHub Action Tag,MEDIUM,HIGH,Semgrep
Electronics-eCommerce-Shop-With-Admin-Dashboard-NextJS-NodeJS-main,Unknown,C:\Users\DHANUSH K P\OneDrive\Desktop\insecure-code-viz-main\repos\Electronics-eCommerce-Shop-With-Admin-Dashboard-NextJS-NodeJS-main\app\checkout\page.tsx,228,"Detected string concatenation with a non-literal variable in a util.format / console.log function. If an attacker injects a format specifier in the string, it will forge the log message. Try to use constant values for the format string.",Audit Unsafe Formatstring,LOW,LOW,Semgrep
Electronics-eCommerce-Shop-With-Admin-Dashboard-NextJS-NodeJS-main,JavaScript,C:\Users\DHANUSH K P\OneDrive\Desktop\insecure-code-viz-main\repos\Electronics-eCommerce-Shop-With-Admin-Dashboard-NextJS-NodeJS-main\server\app.js,47,A CSRF middleware was not detected in your express application. Ensure you are either using one such as `csurf` or `csrf` (see rule references) and/or you are properly doing CSRF validation in your routes with a token or cookies.,Audit Express Check Csurf Middleware Usage,LOW,LOW,Semgrep
Electronics-eCommerce-Shop-With-Admin-Dashboard-NextJS-NodeJS-main,JavaScript,C:\Users\DHANUSH K P\OneDrive\Desktop\insecure-code-viz-main\repos\Electronics-eCommerce-Shop-With-Admin-Dashboard-NextJS-NodeJS-main\server\scripts\migration-validator.js,32,"RegExp() called with a `operation` function argument, this might allow an attacker to cause a Regular Expression Denial-of-Service (ReDoS) within your application as RegExP blocks the main thread. For this reason, it is recommended to use hardcoded regexes instead. If your regex is run on user-controlled input, consider performing input validation or use a regex checking/sanitization library such as https://www.npmjs.com/package/recheck to verify that the regex does not appear vulnerable to ReDoS.",Audit Detect Non Literal Regexp,MEDIUM,LOW,Semgrep
Electronics-eCommerce-Shop-With-Admin-Dashboard-NextJS-NodeJS-main,JavaScript,C:\Users\DHANUSH K P\OneDrive\Desktop\insecure-code-viz-main\repos\Electronics-eCommerce-Shop-With-Admin-Dashboard-NextJS-NodeJS-main\server\test-logging.js,6,"Checks for any usage of http servers instead of https servers. Encourages the usage of https protocol instead of http, which does not have TLS and is therefore unencrypted. Using http can lead to man-in-the-middle attacks in which the attacker is able to read sensitive information.",Problem Based Packs Insecure Transport Js Nod,MEDIUM,LOW,Semgrep
Electronics-eCommerce-Shop-With-Admin-Dashboard-NextJS-NodeJS-main,JavaScript,C:\Users\DHANUSH K P\OneDrive\Desktop\insecure-code-viz-main\repos\Electronics-eCommerce-Shop-With-Admin-Dashboard-NextJS-NodeJS-main\server\test-logging.js,6,"Checks for requests sent to http:// URLs. This is dangerous as the server is attempting to connect to a website that does not encrypt traffic with TLS. Instead, only send requests to https:// URLs.",Problem Based Packs Insecure Transport Js Nod,MEDIUM,MEDIUM,Semgrep
Electronics-eCommerce-Shop-With-Admin-Dashboard-NextJS-NodeJS-main,JavaScript,C:\Users\DHANUSH K P\OneDrive\Desktop\insecure-code-viz-main\repos\Electronics-eCommerce-Shop-With-Admin-Dashboard-NextJS-NodeJS-main\server\test-logging.js,11,"Checks for any usage of http servers instead of https servers. Encourages the usage of https protocol instead of http, which does not have TLS and is therefore unencrypted. Using http can lead to man-in-the-middle attacks in which the attacker is able to read sensitive information.",Problem Based Packs Insecure Transport Js Nod,MEDIUM,LOW,Semgrep
Electronics-eCommerce-Shop-With-Admin-Dashboard-NextJS-NodeJS-main,JavaScript,C:\Users\DHANUSH K P\OneDrive\Desktop\insecure-code-viz-main\repos\Electronics-eCommerce-Shop-With-Admin-Dashboard-NextJS-NodeJS-main\server\test-logging.js,11,"Checks for requests sent to http:// URLs. This is dangerous as the server is attempting to connect to a website that does not encrypt traffic with TLS. Instead, only send requests to https:// URLs.",Problem Based Packs Insecure Transport Js Nod,MEDIUM,MEDIUM,Semgrep
Electronics-eCommerce-Shop-With-Admin-Dashboard-NextJS-NodeJS-main,JavaScript,C:\Users\DHANUSH K P\OneDrive\Desktop\insecure-code-viz-main\repos\Electronics-eCommerce-Shop-With-Admin-Dashboard-NextJS-NodeJS-main\server\test-logging.js,16,"Checks for any usage of http servers instead of https servers. Encourages the usage of https protocol instead of http, which does not have TLS and is therefore unencrypted. Using http can lead to man-in-the-middle attacks in which the attacker is able to read sensitive information.",Problem Based Packs Insecure Transport Js Nod,MEDIUM,LOW,Semgrep
Electronics-eCommerce-Shop-With-Admin-Dashboard-NextJS-NodeJS-main,JavaScript,C:\Users\DHANUSH K P\OneDrive\Desktop\insecure-code-viz-main\repos\Electronics-eCommerce-Shop-With-Admin-Dashboard-NextJS-NodeJS-main\server\test-logging.js,16,"Checks for requests sent to http:// URLs. This is dangerous as the server is attempting to connect to a website that does not encrypt traffic with TLS. Instead, only send requests to https:// URLs.",Problem Based Packs Insecure Transport Js Nod,MEDIUM,MEDIUM,Semgrep
Electronics-eCommerce-Shop-With-Admin-Dashboard-NextJS-NodeJS-main,JavaScript,C:\Users\DHANUSH K P\OneDrive\Desktop\insecure-code-viz-main\repos\Electronics-eCommerce-Shop-With-Admin-Dashboard-NextJS-NodeJS-main\server\test-logging.js,21,"Checks for any usage of http servers instead of https servers. Encourages the usage of https protocol instead of http, which does not have TLS and is therefore unencrypted. Using http can lead to man-in-the-middle attacks in which the attacker is able to read sensitive information.",Problem Based Packs Insecure Transport Js Nod,MEDIUM,LOW,Semgrep
Electronics-eCommerce-Shop-With-Admin-Dashboard-NextJS-NodeJS-main,JavaScript,C:\Users\DHANUSH K P\OneDrive\Desktop\insecure-code-viz-main\repos\Electronics-eCommerce-Shop-With-Admin-Dashboard-NextJS-NodeJS-main\server\test-logging.js,21,"Checks for requests sent to http:// URLs. This is dangerous as the server is attempting to connect to a website that does not encrypt traffic with TLS. Instead, only send requests to https:// URLs.",Problem Based Packs Insecure Transport Js Nod,MEDIUM,MEDIUM,Semgrep
Electronics-eCommerce-Shop-With-Admin-Dashboard-NextJS-NodeJS-main,JavaScript,C:\Users\DHANUSH K P\OneDrive\Desktop\insecure-code-viz-main\repos\Electronics-eCommerce-Shop-With-Admin-Dashboard-NextJS-NodeJS-main\server\utills\errorHandler.js,18,"Detected string concatenation with a non-literal variable in a util.format / console.log function. If an attacker injects a format specifier in the string, it will forge the log message. Try to use constant values for the format string.",Audit Unsafe Formatstring,LOW,LOW,Semgrep
Electronics-eCommerce-Shop-With-Admin-Dashboard-NextJS-NodeJS-main,JavaScript,C:\Users\DHANUSH K P\OneDrive\Desktop\insecure-code-viz-main\repos\Electronics-eCommerce-Shop-With-Admin-Dashboard-NextJS-NodeJS-main\server\utills\errorHandler.js,24,"Detected string concatenation with a non-literal variable in a util.format / console.log function. If an attacker injects a format specifier in the string, it will forge the log message. Try to use constant values for the format string.",Audit Unsafe Formatstring,LOW,LOW,Semgrep
Electronics-eCommerce-Shop-With-Admin-Dashboard-NextJS-NodeJS-main,JavaScript,C:\Users\DHANUSH K P\OneDrive\Desktop\insecure-code-viz-main\repos\Electronics-eCommerce-Shop-With-Admin-Dashboard-NextJS-NodeJS-main\server\utills\errorHandler.js,29,"Detected string concatenation with a non-literal variable in a util.format / console.log function. If an attacker injects a format specifier in the string, it will forge the log message. Try to use constant values for the format string.",Audit Unsafe Formatstring,LOW,LOW,Semgrep
Electronics-eCommerce-Shop-With-Admin-Dashboard-NextJS-NodeJS-main,JavaScript,C:\Users\DHANUSH K P\OneDrive\Desktop\insecure-code-viz-main\repos\Electronics-eCommerce-Shop-With-Admin-Dashboard-NextJS-NodeJS-main\server\view-logs.js,7,"Detected possible user input going into a `path.join` or `path.resolve` function. This could possibly lead to a path traversal vulnerability, where the attacker can access arbitrary files stored in the file system. Instead, be sure to sanitize or validate user input first.",Audit Path Traversal Path Join Resolve Traver,MEDIUM,LOW,Semgrep
Electronics-eCommerce-Shop-With-Admin-Dashboard-NextJS-NodeJS-main,TypeScript,C:\Users\DHANUSH K P\OneDrive\Desktop\insecure-code-viz-main\repos\Electronics-eCommerce-Shop-With-Admin-Dashboard-NextJS-NodeJS-main\utils\errorHandler.ts,31,"Detected string concatenation with a non-literal variable in a util.format / console.log function. If an attacker injects a format specifier in the string, it will forge the log message. Try to use constant values for the format string.",Audit Unsafe Formatstring,LOW,LOW,Semgrep
Electronics-eCommerce-Shop-With-Admin-Dashboard-NextJS-NodeJS-main,TypeScript,C:\Users\DHANUSH K P\OneDrive\Desktop\insecure-code-viz-main\repos\Electronics-eCommerce-Shop-With-Admin-Dashboard-NextJS-NodeJS-main\utils\errorHandler.ts,37,"Detected string concatenation with a non-literal variable in a util.format / console.log function. If an attacker injects a format specifier in the string, it will forge the log message. Try to use constant values for the format string.",Audit Unsafe Formatstring,LOW,LOW,Semgrep
Electronics-eCommerce-Shop-With-Admin-Dashboard-NextJS-NodeJS-main,TypeScript,C:\Users\DHANUSH K P\OneDrive\Desktop\insecure-code-viz-main\repos\Electronics-eCommerce-Shop-With-Admin-Dashboard-NextJS-NodeJS-main\utils\errorHandler.ts,42,"Detected string concatenation with a non-literal variable in a util.format / console.log function. If an attacker injects a format specifier in the string, it will forge the log message. Try to use constant values for the format string.",Audit Unsafe Formatstring,LOW,LOW,Semgrep
Java-Projects-Collections-main,Python,C:\Users\DHANUSH K P\OneDrive\Desktop\insecure-code-viz-main\repos\Java-Projects-Collections-main\Projects\Duplicate files remover\duplicatefileremover.py,10,Use of weak MD5 hash for security. Consider usedforsecurity=False,Use of weak MD5 hash for security. Consi...,HIGH,HIGH,Bandit
Java-Projects-Collections-main,Python,C:\Users\DHANUSH K P\OneDrive\Desktop\insecure-code-viz-main\repos\Java-Projects-Collections-main\Projects\Geocoding of a Webpage using Python\geocoding.py,10,Possible hardcoded password: 'Your_private_token',Hardcoded Password,LOW,MEDIUM,Bandit
Java-Projects-Collections-main,Python,C:\Users\DHANUSH K P\OneDrive\Desktop\insecure-code-viz-main\repos\Java-Projects-Collections-main\Projects\Geocoding of a Webpage using Python\geocoding.py,18,Call to requests without timeout,Missing Request Timeout,MEDIUM,LOW,Bandit
Java-Projects-Collections-main,Python,C:\Users\DHANUSH K P\OneDrive\Desktop\insecure-code-viz-main\repos\Java-Projects-Collections-main\Projects\MineSweeper Using Python\Minesweeper.py,19,Standard pseudo-random generators are not suitable for security/cryptographic purposes.,Weak Random Generator,LOW,HIGH,Bandit
Java-Projects-Collections-main,Python,C:\Users\DHANUSH K P\OneDrive\Desktop\insecure-code-viz-main\repos\Java-Projects-Collections-main\Projects\Resume Builder\compress_pdf.py,16,"Starting a process with a shell, possible injection detected, security issue.","Starting a process with a shell, possibl...",HIGH,HIGH,Bandit
Java-Projects-Collections-main,Python,C:\Users\DHANUSH K P\OneDrive\Desktop\insecure-code-viz-main\repos\Java-Projects-Collections-main\Projects\Tic Tac Toe Python\game.py,67,"Starting a process with a shell: Seems safe, but may be changed in the future, consider rewriting without shell",Starting a process with a shell: Seems s...,LOW,HIGH,Bandit
Java-Projects-Collections-main,Python,C:\Users\DHANUSH K P\OneDrive\Desktop\insecure-code-viz-main\repos\Java-Projects-Collections-main\Projects\Tic Tac Toe Python\game.py,67,Starting a process with a partial executable path,Partial Executable Path,LOW,HIGH,Bandit
Java-Projects-Collections-main,Python,C:\Users\DHANUSH K P\OneDrive\Desktop\insecure-code-viz-main\repos\Java-Projects-Collections-main\Projects\Tic Tac Toe Python\game.py,81,"Starting a process with a shell: Seems safe, but may be changed in the future, consider rewriting without shell",Starting a process with a shell: Seems s...,LOW,HIGH,Bandit
Java-Projects-Collections-main,Python,C:\Users\DHANUSH K P\OneDrive\Desktop\insecure-code-viz-main\repos\Java-Projects-Collections-main\Projects\Tic Tac Toe Python\game.py,81,Starting a process with a partial executable path,Partial Executable Path,LOW,HIGH,Bandit
Java-Projects-Collections-main,Unknown,C:\Users\DHANUSH K P\OneDrive\Desktop\insecure-code-viz-main\repos\Java-Projects-Collections-main\Projects\.github\workflows\Calculator-project.yml,16,"GitHub Actions step uses a mutable tag or branch reference. Tags and branch names can be silently repointed by the action owner, enabling supply-chain attacks — as seen in the trivy-action and kics-github-action compromises. Pin the reference to a full 40-character commit SHA instead, e.g. `uses: actions/checkout@8ade135a41bc03ea155e62e844d188df1ea18608`.",Mutable GitHub Action Tag,MEDIUM,HIGH,Semgrep
Java-Projects-Collections-main,Unknown,C:\Users\DHANUSH K P\OneDrive\Desktop\insecure-code-viz-main\repos\Java-Projects-Collections-main\Projects\.github\workflows\Calculator-project.yml,19,"GitHub Actions step uses a mutable tag or branch reference. Tags and branch names can be silently repointed by the action owner, enabling supply-chain attacks — as seen in the trivy-action and kics-github-action compromises. Pin the reference to a full 40-character commit SHA instead, e.g. `uses: actions/checkout@8ade135a41bc03ea155e62e844d188df1ea18608`.",Mutable GitHub Action Tag,MEDIUM,HIGH,Semgrep
Java-Projects-Collections-main,Unknown,C:\Users\DHANUSH K P\OneDrive\Desktop\insecure-code-viz-main\repos\Java-Projects-Collections-main\Projects\.github\workflows\auto-merge.yml,25,"GitHub Actions step uses a mutable tag or branch reference. Tags and branch names can be silently repointed by the action owner, enabling supply-chain attacks — as seen in the trivy-action and kics-github-action compromises. Pin the reference to a full 40-character commit SHA instead, e.g. `uses: actions/checkout@8ade135a41bc03ea155e62e844d188df1ea18608`.",Mutable GitHub Action Tag,MEDIUM,HIGH,Semgrep
Java-Projects-Collections-main,Unknown,C:\Users\DHANUSH K P\OneDrive\Desktop\insecure-code-viz-main\repos\Java-Projects-Collections-main\Projects\.github\workflows\auto-pr.yml,25,"GitHub Actions step uses a mutable tag or branch reference. Tags and branch names can be silently repointed by the action owner, enabling supply-chain attacks — as seen in the trivy-action and kics-github-action compromises. Pin the reference to a full 40-character commit SHA instead, e.g. `uses: actions/checkout@8ade135a41bc03ea155e62e844d188df1ea18608`.",Mutable GitHub Action Tag,MEDIUM,HIGH,Semgrep
Java-Projects-Collections-main,Java,C:\Users\DHANUSH K P\OneDrive\Desktop\insecure-code-viz-main\repos\Java-Projects-Collections-main\Projects\Airline-Reservation-System\src\main\java\servlet\addflights.java,70,Detected input from a HTTPServletRequest going into a SQL sink or statement. This could lead to SQL injection if variables in the SQL statement are not properly sanitized. Use parameterized SQL queries or properly sanitize user input instead.,Audit Sqli Tainted Sql From Http Request,MEDIUM,HIGH,Semgrep
Java-Projects-Collections-main,Java,C:\Users\DHANUSH K P\OneDrive\Desktop\insecure-code-viz-main\repos\Java-Projects-Collections-main\Projects\Airline-Reservation-System\src\main\java\servlet\book.java,69,Detected input from a HTTPServletRequest going into a SQL sink or statement. This could lead to SQL injection if variables in the SQL statement are not properly sanitized. Use parameterized SQL queries or properly sanitize user input instead.,Audit Sqli Tainted Sql From Http Request,MEDIUM,HIGH,Semgrep
Java-Projects-Collections-main,Java,C:\Users\DHANUSH K P\OneDrive\Desktop\insecure-code-viz-main\repos\Java-Projects-Collections-main\Projects\Airline-Reservation-System\src\main\java\servlet\book.java,74,Detected input from a HTTPServletRequest going into a SQL sink or statement. This could lead to SQL injection if variables in the SQL statement are not properly sanitized. Use parameterized SQL queries or properly sanitize user input instead.,Audit Sqli Tainted Sql From Http Request,MEDIUM,HIGH,Semgrep
Java-Projects-Collections-main,Java,C:\Users\DHANUSH K P\OneDrive\Desktop\insecure-code-viz-main\repos\Java-Projects-Collections-main\Projects\Airline-Reservation-System\src\main\java\servlet\book.java,83,Detected a formatted string in a SQL statement. This could lead to SQL injection if variables in the SQL statement are not properly sanitized. Use a prepared statements (java.sql.PreparedStatement) instead. You can obtain a PreparedStatement using 'connection.prepareStatement'.,Audit Sqli Jdbc Sqli,MEDIUM,LOW,Semgrep
Java-Projects-Collections-main,Java,C:\Users\DHANUSH K P\OneDrive\Desktop\insecure-code-viz-main\repos\Java-Projects-Collections-main\Projects\Airline-Reservation-System\src\main\java\servlet\contactus.java,63,Detected a formatted string in a SQL statement. This could lead to SQL injection if variables in the SQL statement are not properly sanitized. Use a prepared statements (java.sql.PreparedStatement) instead. You can obtain a PreparedStatement using 'connection.prepareStatement'.,Audit Formatted Sql String,HIGH,MEDIUM,Semgrep
Java-Projects-Collections-main,Java,C:\Users\DHANUSH K P\OneDrive\Desktop\insecure-code-viz-main\repos\Java-Projects-Collections-main\Projects\Airline-Reservation-System\src\main\java\servlet\contactus.java,63,Detected a formatted string in a SQL statement. This could lead to SQL injection if variables in the SQL statement are not properly sanitized. Use a prepared statements (java.sql.PreparedStatement) instead. You can obtain a PreparedStatement using 'connection.prepareStatement'.,Audit Sqli Jdbc Sqli,MEDIUM,LOW,Semgrep
Java-Projects-Collections-main,Java,C:\Users\DHANUSH K P\OneDrive\Desktop\insecure-code-viz-main\repos\Java-Projects-Collections-main\Projects\Airline-Reservation-System\src\main\java\servlet\deleteflight.java,59,Detected a formatted string in a SQL statement. This could lead to SQL injection if variables in the SQL statement are not properly sanitized. Use a prepared statements (java.sql.PreparedStatement) instead. You can obtain a PreparedStatement using 'connection.prepareStatement'.,Audit Sqli Jdbc Sqli,MEDIUM,LOW,Semgrep
Java-Projects-Collections-main,Java,C:\Users\DHANUSH K P\OneDrive\Desktop\insecure-code-viz-main\repos\Java-Projects-Collections-main\Projects\Airline-Reservation-System\src\main\java\servlet\edithandler.java,72,Detected input from a HTTPServletRequest going into a SQL sink or statement. This could lead to SQL injection if variables in the SQL statement are not properly sanitized. Use parameterized SQL queries or properly sanitize user input instead.,Audit Sqli Tainted Sql From Http Request,MEDIUM,HIGH,Semgrep
Java-Projects-Collections-main,Java,C:\Users\DHANUSH K P\OneDrive\Desktop\insecure-code-viz-main\repos\Java-Projects-Collections-main\Projects\Airline-Reservation-System\src\main\java\servlet\login.java,65,Detected input from a HTTPServletRequest going into a SQL sink or statement. This could lead to SQL injection if variables in the SQL statement are not properly sanitized. Use parameterized SQL queries or properly sanitize user input instead.,Audit Sqli Tainted Sql From Http Request,MEDIUM,HIGH,Semgrep
Java-Projects-Collections-main,Java,C:\Users\DHANUSH K P\OneDrive\Desktop\insecure-code-viz-main\repos\Java-Projects-Collections-main\Projects\Airline-Reservation-System\src\main\java\servlet\register.java,71,Detected input from a HTTPServletRequest going into a SQL sink or statement. This could lead to SQL injection if variables in the SQL statement are not properly sanitized. Use parameterized SQL queries or properly sanitize user input instead.,Audit Sqli Tainted Sql From Http Request,MEDIUM,HIGH,Semgrep
Java-Projects-Collections-main,Java,C:\Users\DHANUSH K P\OneDrive\Desktop\insecure-code-viz-main\repos\Java-Projects-Collections-main\Projects\Airline-Reservation-System\src\main\java\servlet\search.java,62,Detected input from a HTTPServletRequest going into a SQL sink or statement. This could lead to SQL injection if variables in the SQL statement are not properly sanitized. Use parameterized SQL queries or properly sanitize user input instead.,Audit Sqli Tainted Sql From Http Request,MEDIUM,HIGH,Semgrep
Java-Projects-Collections-main,Java,C:\Users\DHANUSH K P\OneDrive\Desktop\insecure-code-viz-main\repos\Java-Projects-Collections-main\Projects\Airline-Reservation-System\src\main\java\servlet\search.java,68,Detected a formatted string in a SQL statement. This could lead to SQL injection if variables in the SQL statement are not properly sanitized. Use a prepared statements (java.sql.PreparedStatement) instead. You can obtain a PreparedStatement using 'connection.prepareStatement'.,Audit Sqli Jdbc Sqli,MEDIUM,LOW,Semgrep
Java-Projects-Collections-main,Java,C:\Users\DHANUSH K P\OneDrive\Desktop\insecure-code-viz-main\repos\Java-Projects-Collections-main\Projects\Airline-Reservation-System\src\main\java\servlet\search.java,68,Detected a formatted string in a SQL statement. This could lead to SQL injection if variables in the SQL statement are not properly sanitized. Use a prepared statements (java.sql.PreparedStatement) instead. You can obtain a PreparedStatement using 'connection.prepareStatement'.,Audit Formatted Sql String,HIGH,MEDIUM,Semgrep
Java-Projects-Collections-main,JavaScript,C:\Users\DHANUSH K P\OneDrive\Desktop\insecure-code-viz-main\repos\Java-Projects-Collections-main\Projects\Airline-Reservation-System\src\main\webapp\js\jquery-2.1.1.js,2,"Possibility of prototype polluting function detected. By adding or modifying attributes of an object prototype, it is possible to create attributes that exist on every object, or replace critical attributes with malicious ones. This can be problematic if the software depends on existence or non-existence of certain attributes, or uses pre-defined attributes of object prototype (such as hasOwnProperty, toString or valueOf). Possible mitigations might be: freezing the object prototype, using an object without prototypes (via Object.create(null) ), blocking modifications of attributes that resolve to object prototype, using Map instead of object.",Audit Prototype Pollution Prototype Pollution,MEDIUM,LOW,Semgrep
Java-Projects-Collections-main,JavaScript,C:\Users\DHANUSH K P\OneDrive\Desktop\insecure-code-viz-main\repos\Java-Projects-Collections-main\Projects\Airline-Reservation-System\src\main\webapp\js\jquery.validate.js,252,"RegExp() called with a `i` function argument, this might allow an attacker to cause a Regular Expression Denial-of-Service (ReDoS) within your application as RegExP blocks the main thread. For this reason, it is recommended to use hardcoded regexes instead. If your regex is run on user-controlled input, consider performing input validation or use a regex checking/sanitization library such as https://www.npmjs.com/package/recheck to verify that the regex does not appear vulnerable to ReDoS.",Audit Detect Non Literal Regexp,MEDIUM,LOW,Semgrep
Java-Projects-Collections-main,JavaScript,C:\Users\DHANUSH K P\OneDrive\Desktop\insecure-code-viz-main\repos\Java-Projects-Collections-main\Projects\Airline-Reservation-System\target\Airline1-1.0-SNAPSHOT\js\jquery-2.1.1.js,2,"Possibility of prototype polluting function detected. By adding or modifying attributes of an object prototype, it is possible to create attributes that exist on every object, or replace critical attributes with malicious ones. This can be problematic if the software depends on existence or non-existence of certain attributes, or uses pre-defined attributes of object prototype (such as hasOwnProperty, toString or valueOf). Possible mitigations might be: freezing the object prototype, using an object without prototypes (via Object.create(null) ), blocking modifications of attributes that resolve to object prototype, using Map instead of object.",Audit Prototype Pollution Prototype Pollution,MEDIUM,LOW,Semgrep
Java-Projects-Collections-main,JavaScript,C:\Users\DHANUSH K P\OneDrive\Desktop\insecure-code-viz-main\repos\Java-Projects-Collections-main\Projects\Airline-Reservation-System\target\Airline1-1.0-SNAPSHOT\js\jquery.validate.js,252,"RegExp() called with a `i` function argument, this might allow an attacker to cause a Regular Expression Denial-of-Service (ReDoS) within your application as RegExP blocks the main thread. For this reason, it is recommended to use hardcoded regexes instead. If your regex is run on user-controlled input, consider performing input validation or use a regex checking/sanitization library such as https://www.npmjs.com/package/recheck to verify that the regex does not appear vulnerable to ReDoS.",Audit Detect Non Literal Regexp,MEDIUM,LOW,Semgrep
Java-Projects-Collections-main,JavaScript,C:\Users\DHANUSH K P\OneDrive\Desktop\insecure-code-viz-main\repos\Java-Projects-Collections-main\Projects\Airline-Reservation-System\target\Airline1-1.0-SNAPSHOT\js\jquery.validate.js,780,"Detected string concatenation with a non-literal variable in a util.format / console.log function. If an attacker injects a format specifier in the string, it will forge the log message. Try to use constant values for the format string.",Audit Unsafe Formatstring,LOW,LOW,Semgrep
Java-Projects-Collections-main,JavaScript,C:\Users\DHANUSH K P\OneDrive\Desktop\insecure-code-viz-main\repos\Java-Projects-Collections-main\Projects\Airline-Reservation-System\target\Airline1-1.0-SNAPSHOT\js\jquery.validate.js,963,"RegExp() called with a `$` function argument, this might allow an attacker to cause a Regular Expression Denial-of-Service (ReDoS) within your application as RegExP blocks the main thread. For this reason, it is recommended to use hardcoded regexes instead. If your regex is run on user-controlled input, consider performing input validation or use a regex checking/sanitization library such as https://www.npmjs.com/package/recheck to verify that the regex does not appear vulnerable to ReDoS.",Audit Detect Non Literal Regexp,MEDIUM,LOW,Semgrep
Java-Projects-Collections-main,JavaScript,C:\Users\DHANUSH K P\OneDrive\Desktop\insecure-code-viz-main\repos\Java-Projects-Collections-main\Projects\Airline-Reservation-System\target\Airline1-1.0-SNAPSHOT\js\jquery.validate.js,963,"RegExp() called with a `element` function argument, this might allow an attacker to cause a Regular Expression Denial-of-Service (ReDoS) within your application as RegExP blocks the main thread. For this reason, it is recommended to use hardcoded regexes instead. If your regex is run on user-controlled input, consider performing input validation or use a regex checking/sanitization library such as https://www.npmjs.com/package/recheck to verify that the regex does not appear vulnerable to ReDoS.",Audit Detect Non Literal Regexp,MEDIUM,LOW,Semgrep
Java-Projects-Collections-main,JavaScript,C:\Users\DHANUSH K P\OneDrive\Desktop\insecure-code-viz-main\repos\Java-Projects-Collections-main\Projects\Airline-Reservation-System\target\Airline1-1.0-SNAPSHOT\js\jquery.validate.js,963,"RegExp() called with a `message` function argument, this might allow an attacker to cause a Regular Expression Denial-of-Service (ReDoS) within your application as RegExP blocks the main thread. For this reason, it is recommended to use hardcoded regexes instead. If your regex is run on user-controlled input, consider performing input validation or use a regex checking/sanitization library such as https://www.npmjs.com/package/recheck to verify that the regex does not appear vulnerable to ReDoS.",Audit Detect Non Literal Regexp,MEDIUM,LOW,Semgrep
Java-Projects-Collections-main,JavaScript,C:\Users\DHANUSH K P\OneDrive\Desktop\insecure-code-viz-main\repos\Java-Projects-Collections-main\Projects\Airline-Reservation-System\target\Airline1-1.0-SNAPSHOT\js\jquery.validate.js,1428,"RegExp() called with a `$` function argument, this might allow an attacker to cause a Regular Expression Denial-of-Service (ReDoS) within your application as RegExP blocks the main thread. For this reason, it is recommended to use hardcoded regexes instead. If your regex is run on user-controlled input, consider performing input validation or use a regex checking/sanitization library such as https://www.npmjs.com/package/recheck to verify that the regex does not appear vulnerable to ReDoS.",Audit Detect Non Literal Regexp,MEDIUM,LOW,Semgrep
Java-Projects-Collections-main,JavaScript,C:\Users\DHANUSH K P\OneDrive\Desktop\insecure-code-viz-main\repos\Java-Projects-Collections-main\Projects\Airline-Reservation-System\target\Airline1-1.0-SNAPSHOT\js\jquery.validate.js,1428,"RegExp() called with a `element` function argument, this might allow an attacker to cause a Regular Expression Denial-of-Service (ReDoS) within your application as RegExP blocks the main thread. For this reason, it is recommended to use hardcoded regexes instead. If your regex is run on user-controlled input, consider performing input validation or use a regex checking/sanitization library such as https://www.npmjs.com/package/recheck to verify that the regex does not appear vulnerable to ReDoS.",Audit Detect Non Literal Regexp,MEDIUM,LOW,Semgrep
Java-Projects-Collections-main,JavaScript,C:\Users\DHANUSH K P\OneDrive\Desktop\insecure-code-viz-main\repos\Java-Projects-Collections-main\Projects\Airline-Reservation-System\target\AirlineProject-1.0-SNAPSHOT\js\jquery-2.1.1.js,2,"Possibility of prototype polluting function detected. By adding or modifying attributes of an object prototype, it is possible to create attributes that exist on every object, or replace critical attributes with malicious ones. This can be problematic if the software depends on existence or non-existence of certain attributes, or uses pre-defined attributes of object prototype (such as hasOwnProperty, toString or valueOf). Possible mitigations might be: freezing the object prototype, using an object without prototypes (via Object.create(null) ), blocking modifications of attributes that resolve to object prototype, using Map instead of object.",Audit Prototype Pollution Prototype Pollution,MEDIUM,LOW,Semgrep
Java-Projects-Collections-main,JavaScript,C:\Users\DHANUSH K P\OneDrive\Desktop\insecure-code-viz-main\repos\Java-Projects-Collections-main\Projects\Airline-Reservation-System\target\AirlineProject-1.0-SNAPSHOT\js\jquery.validate.js,252,"RegExp() called with a `i` function argument, this might allow an attacker to cause a Regular Expression Denial-of-Service (ReDoS) within your application as RegExP blocks the main thread. For this reason, it is recommended to use hardcoded regexes instead. If your regex is run on user-controlled input, consider performing input validation or use a regex checking/sanitization library such as https://www.npmjs.com/package/recheck to verify that the regex does not appear vulnerable to ReDoS.",Audit Detect Non Literal Regexp,MEDIUM,LOW,Semgrep
Java-Projects-Collections-main,C,C:\Users\DHANUSH K P\OneDrive\Desktop\insecure-code-viz-main\repos\Java-Projects-Collections-main\Projects\BINARY SEARCH\binary_search.c,7,"Avoid using 'scanf()'. This function, when used improperly, does not consider buffer boundaries and can lead to buffer overflows. Use 'fgets()' instead for reading input.",Insecure Use Scanf Fn,MEDIUM,LOW,Semgrep
Java-Projects-Collections-main,C,C:\Users\DHANUSH K P\OneDrive\Desktop\insecure-code-viz-main\repos\Java-Projects-Collections-main\Projects\BINARY SEARCH\binary_search.c,12,"Avoid using 'scanf()'. This function, when used improperly, does not consider buffer boundaries and can lead to buffer overflows. Use 'fgets()' instead for reading input.",Insecure Use Scanf Fn,MEDIUM,LOW,Semgrep
Java-Projects-Collections-main,C,C:\Users\DHANUSH K P\OneDrive\Desktop\insecure-code-viz-main\repos\Java-Projects-Collections-main\Projects\BINARY SEARCH\binary_search.c,15,"Avoid using 'scanf()'. This function, when used improperly, does not consider buffer boundaries and can lead to buffer overflows. Use 'fgets()' instead for reading input.",Insecure Use Scanf Fn,MEDIUM,LOW,Semgrep
Java-Projects-Collections-main,Java,C:\Users\DHANUSH K P\OneDrive\Desktop\insecure-code-viz-main\repos\Java-Projects-Collections-main\Projects\Billing-system\src\billingsystem\Main.java,73,"Found object deserialization using ObjectInputStream. Deserializing entire Java objects is dangerous because malicious actors can create Java object streams with unintended consequences. Ensure that the objects being deserialized are not user-controlled. If this must be done, consider using HMACs to sign the data stream to make sure it is not tampered with, or consider only transmitting object fields and populating a new object.",Audit Object Deserialization,MEDIUM,LOW,Semgrep
Java-Projects-Collections-main,Java,C:\Users\DHANUSH K P\OneDrive\Desktop\insecure-code-viz-main\repos\Java-Projects-Collections-main\Projects\Billing-system\src\billingsystem\MainController.java,184,"Found object deserialization using ObjectInputStream. Deserializing entire Java objects is dangerous because malicious actors can create Java object streams with unintended consequences. Ensure that the objects being deserialized are not user-controlled. If this must be done, consider using HMACs to sign the data stream to make sure it is not tampered with, or consider only transmitting object fields and populating a new object.",Audit Object Deserialization,MEDIUM,LOW,Semgrep
Java-Projects-Collections-main,Java,C:\Users\DHANUSH K P\OneDrive\Desktop\insecure-code-viz-main\repos\Java-Projects-Collections-main\Projects\Billing-system\src\billingsystem\MainController.java,982,"Found object deserialization using ObjectInputStream. Deserializing entire Java objects is dangerous because malicious actors can create Java object streams with unintended consequences. Ensure that the objects being deserialized are not user-controlled. If this must be done, consider using HMACs to sign the data stream to make sure it is not tampered with, or consider only transmitting object fields and populating a new object.",Audit Object Deserialization,MEDIUM,LOW,Semgrep
Java-Projects-Collections-main,Java,C:\Users\DHANUSH K P\OneDrive\Desktop\insecure-code-viz-main\repos\Java-Projects-Collections-main\Projects\Billing-system\src\billingsystem\MainController.java,1049,"Found object deserialization using ObjectInputStream. Deserializing entire Java objects is dangerous because malicious actors can create Java object streams with unintended consequences. Ensure that the objects being deserialized are not user-controlled. If this must be done, consider using HMACs to sign the data stream to make sure it is not tampered with, or consider only transmitting object fields and populating a new object.",Audit Object Deserialization,MEDIUM,LOW,Semgrep
Java-Projects-Collections-main,Java,C:\Users\DHANUSH K P\OneDrive\Desktop\insecure-code-viz-main\repos\Java-Projects-Collections-main\Projects\Billing-system\src\billingsystem\MainController.java,1065,"Found object deserialization using ObjectInputStream. Deserializing entire Java objects is dangerous because malicious actors can create Java object streams with unintended consequences. Ensure that the objects being deserialized are not user-controlled. If this must be done, consider using HMACs to sign the data stream to make sure it is not tampered with, or consider only transmitting object fields and populating a new object.",Audit Object Deserialization,MEDIUM,LOW,Semgrep
Java-Projects-Collections-main,Java,C:\Users\DHANUSH K P\OneDrive\Desktop\insecure-code-viz-main\repos\Java-Projects-Collections-main\Projects\BlogBackend-main\blog-api-com\src\main\java\com\suraj\blog\controller\PostContoller.java,123,"Detected user input controlling a file path. An attacker could control the location of this file, to include going backwards in the directory with '../'. To address this, ensure that user-controlled variables in file paths are sanitized. You may also consider using a utility method such as org.apache.commons.io.FilenameUtils.getName(...) to only retrieve the file name from the path.",Injection Tainted File Path,HIGH,HIGH,Semgrep
Java-Projects-Collections-main,Java,C:\Users\DHANUSH K P\OneDrive\Desktop\insecure-code-viz-main\repos\Java-Projects-Collections-main\Projects\Chat Project\Client.java,19,"Detected use of a Java socket that is not encrypted. As a result, the traffic could be read by an attacker intercepting the network traffic. Use an SSLSocket created by 'SSLSocketFactory' or 'SSLServerSocketFactory' instead.",Audit Crypto Unencrypted Socket,MEDIUM,HIGH,Semgrep
Java-Projects-Collections-main,Java,C:\Users\DHANUSH K P\OneDrive\Desktop\insecure-code-viz-main\repos\Java-Projects-Collections-main\Projects\Chat Project\Server.java,16,"Detected use of a Java socket that is not encrypted. As a result, the traffic could be read by an attacker intercepting the network traffic. Use an SSLSocket created by 'SSLSocketFactory' or 'SSLServerSocketFactory' instead.",Audit Crypto Unencrypted Socket,MEDIUM,HIGH,Semgrep
Java-Projects-Collections-main,Java,C:\Users\DHANUSH K P\OneDrive\Desktop\insecure-code-viz-main\repos\Java-Projects-Collections-main\Projects\Chat Project\mclient.java,14,"Detected use of a Java socket that is not encrypted. As a result, the traffic could be read by an attacker intercepting the network traffic. Use an SSLSocket created by 'SSLSocketFactory' or 'SSLServerSocketFactory' instead.",Audit Crypto Unencrypted Socket,MEDIUM,HIGH,Semgrep
Java-Projects-Collections-main,Java,C:\Users\DHANUSH K P\OneDrive\Desktop\insecure-code-viz-main\repos\Java-Projects-Collections-main\Projects\Chat Project\mserver.java,12,"Detected use of a Java socket that is not encrypted. As a result, the traffic could be read by an attacker intercepting the network traffic. Use an SSLSocket created by 'SSLSocketFactory' or 'SSLServerSocketFactory' instead.",Audit Crypto Unencrypted Socket,MEDIUM,HIGH,Semgrep
Java-Projects-Collections-main,Unknown,C:\Users\DHANUSH K P\OneDrive\Desktop\insecure-code-viz-main\repos\Java-Projects-Collections-main\Projects\Data Visualisation\.github\workflows\maven.yml,21,"GitHub Actions step uses a mutable tag or branch reference. Tags and branch names can be silently repointed by the action owner, enabling supply-chain attacks — as seen in the trivy-action and kics-github-action compromises. Pin the reference to a full 40-character commit SHA instead, e.g. `uses: actions/checkout@8ade135a41bc03ea155e62e844d188df1ea18608`.",Mutable GitHub Action Tag,MEDIUM,HIGH,Semgrep
Java-Projects-Collections-main,Unknown,C:\Users\DHANUSH K P\OneDrive\Desktop\insecure-code-viz-main\repos\Java-Projects-Collections-main\Projects\Data Visualisation\.github\workflows\maven.yml,23,"GitHub Actions step uses a mutable tag or branch reference. Tags and branch names can be silently repointed by the action owner, enabling supply-chain attacks — as seen in the trivy-action and kics-github-action compromises. Pin the reference to a full 40-character commit SHA instead, e.g. `uses: actions/checkout@8ade135a41bc03ea155e62e844d188df1ea18608`.",Mutable GitHub Action Tag,MEDIUM,HIGH,Semgrep
Java-Projects-Collections-main,Java,C:\Users\DHANUSH K P\OneDrive\Desktop\insecure-code-viz-main\repos\Java-Projects-Collections-main\Projects\Department-Wise Salary Calculation\src\main\java\assessment\salary.java,27,"DOCTYPE declarations are enabled for this DocumentBuilderFactory. This is vulnerable to XML external entity attacks. Disable this by setting the feature ""http://apache.org/xml/features/disallow-doctype-decl"" to true. Alternatively, allow DOCTYPE declarations and only prohibit external entities declarations. This can be done by setting the features ""http://xml.org/sax/features/external-general-entities"" and ""http://xml.org/sax/features/external-parameter-entities"" to false.",Audit Xxe Documentbuilderfactory Disallow Doc,HIGH,HIGH,Semgrep
Java-Projects-Collections-main,JavaScript,C:\Users\DHANUSH K P\OneDrive\Desktop\insecure-code-viz-main\repos\Java-Projects-Collections-main\Projects\Eng_Dictionary\script.js,39,"Detection of insertAdjacentHTML from non-constant definition. This can inadvertently expose users to cross-site scripting (XSS) attacks if this comes from user-provided input. If you have to use insertAdjacentHTML, consider using a sanitization library such as DOMPurify to sanitize your HTML.",Audit React Unsanitized Method,MEDIUM,MEDIUM,Semgrep
Java-Projects-Collections-main,Unknown,C:\Users\DHANUSH K P\OneDrive\Desktop\insecure-code-viz-main\repos\Java-Projects-Collections-main\Projects\Fee Management System\WebContent\AccountantLoginForm.html,1,Manually-created forms in django templates should specify a csrf_token to prevent CSRF attacks.,Django No CSRF Token,MEDIUM,MEDIUM,Semgrep
Java-Projects-Collections-main,Unknown,C:\Users\DHANUSH K P\OneDrive\Desktop\insecure-code-viz-main\repos\Java-Projects-Collections-main\Projects\Fee Management System\WebContent\AddAccountantForm.html,1,Manually-created forms in django templates should specify a csrf_token to prevent CSRF attacks.,Django No CSRF Token,MEDIUM,MEDIUM,Semgrep
Java-Projects-Collections-main,Unknown,C:\Users\DHANUSH K P\OneDrive\Desktop\insecure-code-viz-main\repos\Java-Projects-Collections-main\Projects\Fee Management System\WebContent\AdminLoginForm.html,1,Manually-created forms in django templates should specify a csrf_token to prevent CSRF attacks.,Django No CSRF Token,MEDIUM,MEDIUM,Semgrep
Java-Projects-Collections-main,Unknown,C:\Users\DHANUSH K P\OneDrive\Desktop\insecure-code-viz-main\repos\Java-Projects-Collections-main\Projects\Fee Management System\WebContent\SearchStudentForm.html,2,Manually-created forms in django templates should specify a csrf_token to prevent CSRF attacks.,Django No CSRF Token,MEDIUM,MEDIUM,Semgrep
Java-Projects-Collections-main,Unknown,C:\Users\DHANUSH K P\OneDrive\Desktop\insecure-code-viz-main\repos\Java-Projects-Collections-main\Projects\Fee Management System\WebContent\index.html,38,Manually-created forms in django templates should specify a csrf_token to prevent CSRF attacks.,Django No CSRF Token,MEDIUM,MEDIUM,Semgrep
Java-Projects-Collections-main,Unknown,C:\Users\DHANUSH K P\OneDrive\Desktop\insecure-code-viz-main\repos\Java-Projects-Collections-main\Projects\Fee Management System\WebContent\index.html,49,Manually-created forms in django templates should specify a csrf_token to prevent CSRF attacks.,Django No CSRF Token,MEDIUM,MEDIUM,Semgrep
Java-Projects-Collections-main,Java,C:\Users\DHANUSH K P\OneDrive\Desktop\insecure-code-viz-main\repos\Java-Projects-Collections-main\Projects\Fee Management System\src\com\javatpoint\servlets\EditAccountantForm.java,41,"Detected a request with potential user-input going into a OutputStream or Writer object. This bypasses any view or template environments, including HTML escaping, which may expose this application to cross-site scripting (XSS) vulnerabilities. Consider using a view technology such as JavaServer Faces (JSFs) which automatically escapes HTML views.",Audit Xss No Direct Response Writer,MEDIUM,MEDIUM,Semgrep
Java-Projects-Collections-main,Java,C:\Users\DHANUSH K P\OneDrive\Desktop\insecure-code-viz-main\repos\Java-Projects-Collections-main\Projects\Fee Management System\src\com\javatpoint\servlets\EditAccountantForm.java,42,"Detected a request with potential user-input going into a OutputStream or Writer object. This bypasses any view or template environments, including HTML escaping, which may expose this application to cross-site scripting (XSS) vulnerabilities. Consider using a view technology such as JavaServer Faces (JSFs) which automatically escapes HTML views.",Audit Xss No Direct Response Writer,MEDIUM,MEDIUM,Semgrep
Java-Projects-Collections-main,Java,C:\Users\DHANUSH K P\OneDrive\Desktop\insecure-code-viz-main\repos\Java-Projects-Collections-main\Projects\Fee Management System\src\com\javatpoint\servlets\EditAccountantForm.java,43,"Detected a request with potential user-input going into a OutputStream or Writer object. This bypasses any view or template environments, including HTML escaping, which may expose this application to cross-site scripting (XSS) vulnerabilities. Consider using a view technology such as JavaServer Faces (JSFs) which automatically escapes HTML views.",Audit Xss No Direct Response Writer,MEDIUM,MEDIUM,Semgrep
Java-Projects-Collections-main,Java,C:\Users\DHANUSH K P\OneDrive\Desktop\insecure-code-viz-main\repos\Java-Projects-Collections-main\Projects\Fee Management System\src\com\javatpoint\servlets\EditAccountantForm.java,44,"Detected a request with potential user-input going into a OutputStream or Writer object. This bypasses any view or template environments, including HTML escaping, which may expose this application to cross-site scripting (XSS) vulnerabilities. Consider using a view technology such as JavaServer Faces (JSFs) which automatically escapes HTML views.",Audit Xss No Direct Response Writer,MEDIUM,MEDIUM,Semgrep
Java-Projects-Collections-main,Java,C:\Users\DHANUSH K P\OneDrive\Desktop\insecure-code-viz-main\repos\Java-Projects-Collections-main\Projects\Fee Management System\src\com\javatpoint\servlets\EditAccountantForm.java,45,"Detected a request with potential user-input going into a OutputStream or Writer object. This bypasses any view or template environments, including HTML escaping, which may expose this application to cross-site scripting (XSS) vulnerabilities. Consider using a view technology such as JavaServer Faces (JSFs) which automatically escapes HTML views.",Audit Xss No Direct Response Writer,MEDIUM,MEDIUM,Semgrep
Java-Projects-Collections-main,Java,C:\Users\DHANUSH K P\OneDrive\Desktop\insecure-code-viz-main\repos\Java-Projects-Collections-main\Projects\Fee Management System\src\com\javatpoint\servlets\EditAccountantForm.java,46,"Detected a request with potential user-input going into a OutputStream or Writer object. This bypasses any view or template environments, including HTML escaping, which may expose this application to cross-site scripting (XSS) vulnerabilities. Consider using a view technology such as JavaServer Faces (JSFs) which automatically escapes HTML views.",Audit Xss No Direct Response Writer,MEDIUM,MEDIUM,Semgrep
Java-Projects-Collections-main,Java,C:\Users\DHANUSH K P\OneDrive\Desktop\insecure-code-viz-main\repos\Java-Projects-Collections-main\Projects\Fee Management System\src\com\javatpoint\servlets\EditStudentForm.java,36,"Detected a request with potential user-input going into a OutputStream or Writer object. This bypasses any view or template environments, including HTML escaping, which may expose this application to cross-site scripting (XSS) vulnerabilities. Consider using a view technology such as JavaServer Faces (JSFs) which automatically escapes HTML views.",Audit Xss No Direct Response Writer,MEDIUM,MEDIUM,Semgrep
Java-Projects-Collections-main,Java,C:\Users\DHANUSH K P\OneDrive\Desktop\insecure-code-viz-main\repos\Java-Projects-Collections-main\Projects\Fee Management System\src\com\javatpoint\servlets\EditStudentForm.java,37,"Detected a request with potential user-input going into a OutputStream or Writer object. This bypasses any view or template environments, including HTML escaping, which may expose this application to cross-site scripting (XSS) vulnerabilities. Consider using a view technology such as JavaServer Faces (JSFs) which automatically escapes HTML views.",Audit Xss No Direct Response Writer,MEDIUM,MEDIUM,Semgrep
Java-Projects-Collections-main,Java,C:\Users\DHANUSH K P\OneDrive\Desktop\insecure-code-viz-main\repos\Java-Projects-Collections-main\Projects\Fee Management System\src\com\javatpoint\servlets\EditStudentForm.java,38,"Detected a request with potential user-input going into a OutputStream or Writer object. This bypasses any view or template environments, including HTML escaping, which may expose this application to cross-site scripting (XSS) vulnerabilities. Consider using a view technology such as JavaServer Faces (JSFs) which automatically escapes HTML views.",Audit Xss No Direct Response Writer,MEDIUM,MEDIUM,Semgrep
Java-Projects-Collections-main,Java,C:\Users\DHANUSH K P\OneDrive\Desktop\insecure-code-viz-main\repos\Java-Projects-Collections-main\Projects\Fee Management System\src\com\javatpoint\servlets\EditStudentForm.java,39,"Detected a request with potential user-input going into a OutputStream or Writer object. This bypasses any view or template environments, including HTML escaping, which may expose this application to cross-site scripting (XSS) vulnerabilities. Consider using a view technology such as JavaServer Faces (JSFs) which automatically escapes HTML views.",Audit Xss No Direct Response Writer,MEDIUM,MEDIUM,Semgrep
Java-Projects-Collections-main,Java,C:\Users\DHANUSH K P\OneDrive\Desktop\insecure-code-viz-main\repos\Java-Projects-Collections-main\Projects\Fee Management System\src\com\javatpoint\servlets\EditStudentForm.java,40,"Detected a request with potential user-input going into a OutputStream or Writer object. This bypasses any view or template environments, including HTML escaping, which may expose this application to cross-site scripting (XSS) vulnerabilities. Consider using a view technology such as JavaServer Faces (JSFs) which automatically escapes HTML views.",Audit Xss No Direct Response Writer,MEDIUM,MEDIUM,Semgrep
Java-Projects-Collections-main,Java,C:\Users\DHANUSH K P\OneDrive\Desktop\insecure-code-viz-main\repos\Java-Projects-Collections-main\Projects\Fee Management System\src\com\javatpoint\servlets\EditStudentForm.java,41,"Detected a request with potential user-input going into a OutputStream or Writer object. This bypasses any view or template environments, including HTML escaping, which may expose this application to cross-site scripting (XSS) vulnerabilities. Consider using a view technology such as JavaServer Faces (JSFs) which automatically escapes HTML views.",Audit Xss No Direct Response Writer,MEDIUM,MEDIUM,Semgrep
Java-Projects-Collections-main,Java,C:\Users\DHANUSH K P\OneDrive\Desktop\insecure-code-viz-main\repos\Java-Projects-Collections-main\Projects\Fee Management System\src\com\javatpoint\servlets\EditStudentForm.java,42,"Detected a request with potential user-input going into a OutputStream or Writer object. This bypasses any view or template environments, including HTML escaping, which may expose this application to cross-site scripting (XSS) vulnerabilities. Consider using a view technology such as JavaServer Faces (JSFs) which automatically escapes HTML views.",Audit Xss No Direct Response Writer,MEDIUM,MEDIUM,Semgrep
Java-Projects-Collections-main,Java,C:\Users\DHANUSH K P\OneDrive\Desktop\insecure-code-viz-main\repos\Java-Projects-Collections-main\Projects\Fee Management System\src\com\javatpoint\servlets\EditStudentForm.java,43,"Detected a request with potential user-input going into a OutputStream or Writer object. This bypasses any view or template environments, including HTML escaping, which may expose this application to cross-site scripting (XSS) vulnerabilities. Consider using a view technology such as JavaServer Faces (JSFs) which automatically escapes HTML views.",Audit Xss No Direct Response Writer,MEDIUM,MEDIUM,Semgrep
Java-Projects-Collections-main,Java,C:\Users\DHANUSH K P\OneDrive\Desktop\insecure-code-viz-main\repos\Java-Projects-Collections-main\Projects\Fee Management System\src\com\javatpoint\servlets\EditStudentForm.java,44,"Detected a request with potential user-input going into a OutputStream or Writer object. This bypasses any view or template environments, including HTML escaping, which may expose this application to cross-site scripting (XSS) vulnerabilities. Consider using a view technology such as JavaServer Faces (JSFs) which automatically escapes HTML views.",Audit Xss No Direct Response Writer,MEDIUM,MEDIUM,Semgrep
Java-Projects-Collections-main,Java,C:\Users\DHANUSH K P\OneDrive\Desktop\insecure-code-viz-main\repos\Java-Projects-Collections-main\Projects\Fee Management System\src\com\javatpoint\servlets\EditStudentForm.java,45,"Detected a request with potential user-input going into a OutputStream or Writer object. This bypasses any view or template environments, including HTML escaping, which may expose this application to cross-site scripting (XSS) vulnerabilities. Consider using a view technology such as JavaServer Faces (JSFs) which automatically escapes HTML views.",Audit Xss No Direct Response Writer,MEDIUM,MEDIUM,Semgrep
Java-Projects-Collections-main,Java,C:\Users\DHANUSH K P\OneDrive\Desktop\insecure-code-viz-main\repos\Java-Projects-Collections-main\Projects\Fee Management System\src\com\javatpoint\servlets\SearchStudent.java,38,"Detected a request with potential user-input going into a OutputStream or Writer object. This bypasses any view or template environments, including HTML escaping, which may expose this application to cross-site scripting (XSS) vulnerabilities. Consider using a view technology such as JavaServer Faces (JSFs) which automatically escapes HTML views.",Audit Xss No Direct Response Writer,MEDIUM,MEDIUM,Semgrep
Java-Projects-Collections-main,Java,C:\Users\DHANUSH K P\OneDrive\Desktop\insecure-code-viz-main\repos\Java-Projects-Collections-main\Projects\Fee Management System\src\com\javatpoint\servlets\SearchStudent.java,39,"Detected a request with potential user-input going into a OutputStream or Writer object. This bypasses any view or template environments, including HTML escaping, which may expose this application to cross-site scripting (XSS) vulnerabilities. Consider using a view technology such as JavaServer Faces (JSFs) which automatically escapes HTML views.",Audit Xss No Direct Response Writer,MEDIUM,MEDIUM,Semgrep
Java-Projects-Collections-main,Java,C:\Users\DHANUSH K P\OneDrive\Desktop\insecure-code-viz-main\repos\Java-Projects-Collections-main\Projects\Fee Management System\src\com\javatpoint\servlets\SearchStudent.java,40,"Detected a request with potential user-input going into a OutputStream or Writer object. This bypasses any view or template environments, including HTML escaping, which may expose this application to cross-site scripting (XSS) vulnerabilities. Consider using a view technology such as JavaServer Faces (JSFs) which automatically escapes HTML views.",Audit Xss No Direct Response Writer,MEDIUM,MEDIUM,Semgrep
Java-Projects-Collections-main,Java,C:\Users\DHANUSH K P\OneDrive\Desktop\insecure-code-viz-main\repos\Java-Projects-Collections-main\Projects\Fee Management System\src\com\javatpoint\servlets\SearchStudent.java,41,"Detected a request with potential user-input going into a OutputStream or Writer object. This bypasses any view or template environments, including HTML escaping, which may expose this application to cross-site scripting (XSS) vulnerabilities. Consider using a view technology such as JavaServer Faces (JSFs) which automatically escapes HTML views.",Audit Xss No Direct Response Writer,MEDIUM,MEDIUM,Semgrep
Java-Projects-Collections-main,Java,C:\Users\DHANUSH K P\OneDrive\Desktop\insecure-code-viz-main\repos\Java-Projects-Collections-main\Projects\Fee Management System\src\com\javatpoint\servlets\SearchStudent.java,42,"Detected a request with potential user-input going into a OutputStream or Writer object. This bypasses any view or template environments, including HTML escaping, which may expose this application to cross-site scripting (XSS) vulnerabilities. Consider using a view technology such as JavaServer Faces (JSFs) which automatically escapes HTML views.",Audit Xss No Direct Response Writer,MEDIUM,MEDIUM,Semgrep
Java-Projects-Collections-main,Java,C:\Users\DHANUSH K P\OneDrive\Desktop\insecure-code-viz-main\repos\Java-Projects-Collections-main\Projects\Fee Management System\src\com\javatpoint\servlets\SearchStudent.java,43,"Detected a request with potential user-input going into a OutputStream or Writer object. This bypasses any view or template environments, including HTML escaping, which may expose this application to cross-site scripting (XSS) vulnerabilities. Consider using a view technology such as JavaServer Faces (JSFs) which automatically escapes HTML views.",Audit Xss No Direct Response Writer,MEDIUM,MEDIUM,Semgrep
Java-Projects-Collections-main,Java,C:\Users\DHANUSH K P\OneDrive\Desktop\insecure-code-viz-main\repos\Java-Projects-Collections-main\Projects\Fee Management System\src\com\javatpoint\servlets\SearchStudent.java,46,"Detected a request with potential user-input going into a OutputStream or Writer object. This bypasses any view or template environments, including HTML escaping, which may expose this application to cross-site scripting (XSS) vulnerabilities. Consider using a view technology such as JavaServer Faces (JSFs) which automatically escapes HTML views.",Audit Xss No Direct Response Writer,MEDIUM,MEDIUM,Semgrep
Java-Projects-Collections-main,Unknown,C:\Users\DHANUSH K P\OneDrive\Desktop\insecure-code-viz-main\repos\Java-Projects-Collections-main\Projects\Fee-Management-System\WebContent\AccountantLoginForm.html,1,Manually-created forms in django templates should specify a csrf_token to prevent CSRF attacks.,Django No CSRF Token,MEDIUM,MEDIUM,Semgrep
Java-Projects-Collections-main,Unknown,C:\Users\DHANUSH K P\OneDrive\Desktop\insecure-code-viz-main\repos\Java-Projects-Collections-main\Projects\Fee-Management-System\WebContent\AddAccountantForm.html,1,Manually-created forms in django templates should specify a csrf_token to prevent CSRF attacks.,Django No CSRF Token,MEDIUM,MEDIUM,Semgrep
Java-Projects-Collections-main,Unknown,C:\Users\DHANUSH K P\OneDrive\Desktop\insecure-code-viz-main\repos\Java-Projects-Collections-main\Projects\Fee-Management-System\WebContent\AdminLoginForm.html,1,Manually-created forms in django templates should specify a csrf_token to prevent CSRF attacks.,Django No CSRF Token,MEDIUM,MEDIUM,Semgrep
Java-Projects-Collections-main,Unknown,C:\Users\DHANUSH K P\OneDrive\Desktop\insecure-code-viz-main\repos\Java-Projects-Collections-main\Projects\Fee-Management-System\WebContent\SearchStudentForm.html,2,Manually-created forms in django templates should specify a csrf_token to prevent CSRF attacks.,Django No CSRF Token,MEDIUM,MEDIUM,Semgrep
Java-Projects-Collections-main,Unknown,C:\Users\DHANUSH K P\OneDrive\Desktop\insecure-code-viz-main\repos\Java-Projects-Collections-main\Projects\Fee-Management-System\WebContent\index.html,38,Manually-created forms in django templates should specify a csrf_token to prevent CSRF attacks.,Django No CSRF Token,MEDIUM,MEDIUM,Semgrep
Java-Projects-Collections-main,Unknown,C:\Users\DHANUSH K P\OneDrive\Desktop\insecure-code-viz-main\repos\Java-Projects-Collections-main\Projects\Fee-Management-System\WebContent\index.html,49,Manually-created forms in django templates should specify a csrf_token to prevent CSRF attacks.,Django No CSRF Token,MEDIUM,MEDIUM,Semgrep
Java-Projects-Collections-main,Java,C:\Users\DHANUSH K P\OneDrive\Desktop\insecure-code-viz-main\repos\Java-Projects-Collections-main\Projects\Fee-Management-System\src\com\javatpoint\servlets\EditAccountantForm.java,41,"Detected a request with potential user-input going into a OutputStream or Writer object. This bypasses any view or template environments, including HTML escaping, which may expose this application to cross-site scripting (XSS) vulnerabilities. Consider using a view technology such as JavaServer Faces (JSFs) which automatically escapes HTML views.",Audit Xss No Direct Response Writer,MEDIUM,MEDIUM,Semgrep
Java-Projects-Collections-main,Java,C:\Users\DHANUSH K P\OneDrive\Desktop\insecure-code-viz-main\repos\Java-Projects-Collections-main\Projects\Fee-Management-System\src\com\javatpoint\servlets\EditAccountantForm.java,42,"Detected a request with potential user-input going into a OutputStream or Writer object. This bypasses any view or template environments, including HTML escaping, which may expose this application to cross-site scripting (XSS) vulnerabilities. Consider using a view technology such as JavaServer Faces (JSFs) which automatically escapes HTML views.",Audit Xss No Direct Response Writer,MEDIUM,MEDIUM,Semgrep
Java-Projects-Collections-main,Java,C:\Users\DHANUSH K P\OneDrive\Desktop\insecure-code-viz-main\repos\Java-Projects-Collections-main\Projects\Fee-Management-System\src\com\javatpoint\servlets\EditAccountantForm.java,43,"Detected a request with potential user-input going into a OutputStream or Writer object. This bypasses any view or template environments, including HTML escaping, which may expose this application to cross-site scripting (XSS) vulnerabilities. Consider using a view technology such as JavaServer Faces (JSFs) which automatically escapes HTML views.",Audit Xss No Direct Response Writer,MEDIUM,MEDIUM,Semgrep
Java-Projects-Collections-main,Java,C:\Users\DHANUSH K P\OneDrive\Desktop\insecure-code-viz-main\repos\Java-Projects-Collections-main\Projects\Fee-Management-System\src\com\javatpoint\servlets\EditAccountantForm.java,44,"Detected a request with potential user-input going into a OutputStream or Writer object. This bypasses any view or template environments, including HTML escaping, which may expose this application to cross-site scripting (XSS) vulnerabilities. Consider using a view technology such as JavaServer Faces (JSFs) which automatically escapes HTML views.",Audit Xss No Direct Response Writer,MEDIUM,MEDIUM,Semgrep
Java-Projects-Collections-main,Java,C:\Users\DHANUSH K P\OneDrive\Desktop\insecure-code-viz-main\repos\Java-Projects-Collections-main\Projects\Fee-Management-System\src\com\javatpoint\servlets\EditAccountantForm.java,45,"Detected a request with potential user-input going into a OutputStream or Writer object. This bypasses any view or template environments, including HTML escaping, which may expose this application to cross-site scripting (XSS) vulnerabilities. Consider using a view technology such as JavaServer Faces (JSFs) which automatically escapes HTML views.",Audit Xss No Direct Response Writer,MEDIUM,MEDIUM,Semgrep
Java-Projects-Collections-main,Java,C:\Users\DHANUSH K P\OneDrive\Desktop\insecure-code-viz-main\repos\Java-Projects-Collections-main\Projects\Fee-Management-System\src\com\javatpoint\servlets\EditAccountantForm.java,46,"Detected a request with potential user-input going into a OutputStream or Writer object. This bypasses any view or template environments, including HTML escaping, which may expose this application to cross-site scripting (XSS) vulnerabilities. Consider using a view technology such as JavaServer Faces (JSFs) which automatically escapes HTML views.",Audit Xss No Direct Response Writer,MEDIUM,MEDIUM,Semgrep
Java-Projects-Collections-main,Java,C:\Users\DHANUSH K P\OneDrive\Desktop\insecure-code-viz-main\repos\Java-Projects-Collections-main\Projects\Fee-Management-System\src\com\javatpoint\servlets\EditStudentForm.java,36,"Detected a request with potential user-input going into a OutputStream or Writer object. This bypasses any view or template environments, including HTML escaping, which may expose this application to cross-site scripting (XSS) vulnerabilities. Consider using a view technology such as JavaServer Faces (JSFs) which automatically escapes HTML views.",Audit Xss No Direct Response Writer,MEDIUM,MEDIUM,Semgrep
Java-Projects-Collections-main,Java,C:\Users\DHANUSH K P\OneDrive\Desktop\insecure-code-viz-main\repos\Java-Projects-Collections-main\Projects\Fee-Management-System\src\com\javatpoint\servlets\EditStudentForm.java,37,"Detected a request with potential user-input going into a OutputStream or Writer object. This bypasses any view or template environments, including HTML escaping, which may expose this application to cross-site scripting (XSS) vulnerabilities. Consider using a view technology such as JavaServer Faces (JSFs) which automatically escapes HTML views.",Audit Xss No Direct Response Writer,MEDIUM,MEDIUM,Semgrep
Java-Projects-Collections-main,Java,C:\Users\DHANUSH K P\OneDrive\Desktop\insecure-code-viz-main\repos\Java-Projects-Collections-main\Projects\Fee-Management-System\src\com\javatpoint\servlets\EditStudentForm.java,38,"Detected a request with potential user-input going into a OutputStream or Writer object. This bypasses any view or template environments, including HTML escaping, which may expose this application to cross-site scripting (XSS) vulnerabilities. Consider using a view technology such as JavaServer Faces (JSFs) which automatically escapes HTML views.",Audit Xss No Direct Response Writer,MEDIUM,MEDIUM,Semgrep
Java-Projects-Collections-main,Java,C:\Users\DHANUSH K P\OneDrive\Desktop\insecure-code-viz-main\repos\Java-Projects-Collections-main\Projects\Fee-Management-System\src\com\javatpoint\servlets\EditStudentForm.java,39,"Detected a request with potential user-input going into a OutputStream or Writer object. This bypasses any view or template environments, including HTML escaping, which may expose this application to cross-site scripting (XSS) vulnerabilities. Consider using a view technology such as JavaServer Faces (JSFs) which automatically escapes HTML views.",Audit Xss No Direct Response Writer,MEDIUM,MEDIUM,Semgrep
Java-Projects-Collections-main,Java,C:\Users\DHANUSH K P\OneDrive\Desktop\insecure-code-viz-main\repos\Java-Projects-Collections-main\Projects\Fee-Management-System\src\com\javatpoint\servlets\EditStudentForm.java,40,"Detected a request with potential user-input going into a OutputStream or Writer object. This bypasses any view or template environments, including HTML escaping, which may expose this application to cross-site scripting (XSS) vulnerabilities. Consider using a view technology such as JavaServer Faces (JSFs) which automatically escapes HTML views.",Audit Xss No Direct Response Writer,MEDIUM,MEDIUM,Semgrep
Java-Projects-Collections-main,Java,C:\Users\DHANUSH K P\OneDrive\Desktop\insecure-code-viz-main\repos\Java-Projects-Collections-main\Projects\Fee-Management-System\src\com\javatpoint\servlets\EditStudentForm.java,41,"Detected a request with potential user-input going into a OutputStream or Writer object. This bypasses any view or template environments, including HTML escaping, which may expose this application to cross-site scripting (XSS) vulnerabilities. Consider using a view technology such as JavaServer Faces (JSFs) which automatically escapes HTML views.",Audit Xss No Direct Response Writer,MEDIUM,MEDIUM,Semgrep
Java-Projects-Collections-main,Java,C:\Users\DHANUSH K P\OneDrive\Desktop\insecure-code-viz-main\repos\Java-Projects-Collections-main\Projects\Fee-Management-System\src\com\javatpoint\servlets\EditStudentForm.java,42,"Detected a request with potential user-input going into a OutputStream or Writer object. This bypasses any view or template environments, including HTML escaping, which may expose this application to cross-site scripting (XSS) vulnerabilities. Consider using a view technology such as JavaServer Faces (JSFs) which automatically escapes HTML views.",Audit Xss No Direct Response Writer,MEDIUM,MEDIUM,Semgrep
Java-Projects-Collections-main,Java,C:\Users\DHANUSH K P\OneDrive\Desktop\insecure-code-viz-main\repos\Java-Projects-Collections-main\Projects\Fee-Management-System\src\com\javatpoint\servlets\EditStudentForm.java,43,"Detected a request with potential user-input going into a OutputStream or Writer object. This bypasses any view or template environments, including HTML escaping, which may expose this application to cross-site scripting (XSS) vulnerabilities. Consider using a view technology such as JavaServer Faces (JSFs) which automatically escapes HTML views.",Audit Xss No Direct Response Writer,MEDIUM,MEDIUM,Semgrep
Java-Projects-Collections-main,Java,C:\Users\DHANUSH K P\OneDrive\Desktop\insecure-code-viz-main\repos\Java-Projects-Collections-main\Projects\Fee-Management-System\src\com\javatpoint\servlets\EditStudentForm.java,44,"Detected a request with potential user-input going into a OutputStream or Writer object. This bypasses any view or template environments, including HTML escaping, which may expose this application to cross-site scripting (XSS) vulnerabilities. Consider using a view technology such as JavaServer Faces (JSFs) which automatically escapes HTML views.",Audit Xss No Direct Response Writer,MEDIUM,MEDIUM,Semgrep
Java-Projects-Collections-main,Java,C:\Users\DHANUSH K P\OneDrive\Desktop\insecure-code-viz-main\repos\Java-Projects-Collections-main\Projects\Fee-Management-System\src\com\javatpoint\servlets\EditStudentForm.java,45,"Detected a request with potential user-input going into a OutputStream or Writer object. This bypasses any view or template environments, including HTML escaping, which may expose this application to cross-site scripting (XSS) vulnerabilities. Consider using a view technology such as JavaServer Faces (JSFs) which automatically escapes HTML views.",Audit Xss No Direct Response Writer,MEDIUM,MEDIUM,Semgrep
Java-Projects-Collections-main,Java,C:\Users\DHANUSH K P\OneDrive\Desktop\insecure-code-viz-main\repos\Java-Projects-Collections-main\Projects\Fee-Management-System\src\com\javatpoint\servlets\SearchStudent.java,38,"Detected a request with potential user-input going into a OutputStream or Writer object. This bypasses any view or template environments, including HTML escaping, which may expose this application to cross-site scripting (XSS) vulnerabilities. Consider using a view technology such as JavaServer Faces (JSFs) which automatically escapes HTML views.",Audit Xss No Direct Response Writer,MEDIUM,MEDIUM,Semgrep
Java-Projects-Collections-main,Java,C:\Users\DHANUSH K P\OneDrive\Desktop\insecure-code-viz-main\repos\Java-Projects-Collections-main\Projects\Fee-Management-System\src\com\javatpoint\servlets\SearchStudent.java,39,"Detected a request with potential user-input going into a OutputStream or Writer object. This bypasses any view or template environments, including HTML escaping, which may expose this application to cross-site scripting (XSS) vulnerabilities. Consider using a view technology such as JavaServer Faces (JSFs) which automatically escapes HTML views.",Audit Xss No Direct Response Writer,MEDIUM,MEDIUM,Semgrep
Java-Projects-Collections-main,Java,C:\Users\DHANUSH K P\OneDrive\Desktop\insecure-code-viz-main\repos\Java-Projects-Collections-main\Projects\Fee-Management-System\src\com\javatpoint\servlets\SearchStudent.java,40,"Detected a request with potential user-input going into a OutputStream or Writer object. This bypasses any view or template environments, including HTML escaping, which may expose this application to cross-site scripting (XSS) vulnerabilities. Consider using a view technology such as JavaServer Faces (JSFs) which automatically escapes HTML views.",Audit Xss No Direct Response Writer,MEDIUM,MEDIUM,Semgrep
Java-Projects-Collections-main,Java,C:\Users\DHANUSH K P\OneDrive\Desktop\insecure-code-viz-main\repos\Java-Projects-Collections-main\Projects\Fee-Management-System\src\com\javatpoint\servlets\SearchStudent.java,41,"Detected a request with potential user-input going into a OutputStream or Writer object. This bypasses any view or template environments, including HTML escaping, which may expose this application to cross-site scripting (XSS) vulnerabilities. Consider using a view technology such as JavaServer Faces (JSFs) which automatically escapes HTML views.",Audit Xss No Direct Response Writer,MEDIUM,MEDIUM,Semgrep
Java-Projects-Collections-main,Java,C:\Users\DHANUSH K P\OneDrive\Desktop\insecure-code-viz-main\repos\Java-Projects-Collections-main\Projects\Fee-Management-System\src\com\javatpoint\servlets\SearchStudent.java,42,"Detected a request with potential user-input going into a OutputStream or Writer object. This bypasses any view or template environments, including HTML escaping, which may expose this application to cross-site scripting (XSS) vulnerabilities. Consider using a view technology such as JavaServer Faces (JSFs) which automatically escapes HTML views.",Audit Xss No Direct Response Writer,MEDIUM,MEDIUM,Semgrep
Java-Projects-Collections-main,Java,C:\Users\DHANUSH K P\OneDrive\Desktop\insecure-code-viz-main\repos\Java-Projects-Collections-main\Projects\Fee-Management-System\src\com\javatpoint\servlets\SearchStudent.java,43,"Detected a request with potential user-input going into a OutputStream or Writer object. This bypasses any view or template environments, including HTML escaping, which may expose this application to cross-site scripting (XSS) vulnerabilities. Consider using a view technology such as JavaServer Faces (JSFs) which automatically escapes HTML views.",Audit Xss No Direct Response Writer,MEDIUM,MEDIUM,Semgrep
Java-Projects-Collections-main,Java,C:\Users\DHANUSH K P\OneDrive\Desktop\insecure-code-viz-main\repos\Java-Projects-Collections-main\Projects\Fee-Management-System\src\com\javatpoint\servlets\SearchStudent.java,46,"Detected a request with potential user-input going into a OutputStream or Writer object. This bypasses any view or template environments, including HTML escaping, which may expose this application to cross-site scripting (XSS) vulnerabilities. Consider using a view technology such as JavaServer Faces (JSFs) which automatically escapes HTML views.",Audit Xss No Direct Response Writer,MEDIUM,MEDIUM,Semgrep
Java-Projects-Collections-main,PHP,C:\Users\DHANUSH K P\OneDrive\Desktop\insecure-code-viz-main\repos\Java-Projects-Collections-main\Projects\Image Gallery\image_upload.php,24,File name based on user input risks server-side request forgery.,Injection Tainted Filename,MEDIUM,MEDIUM,Semgrep
Java-Projects-Collections-main,PHP,C:\Users\DHANUSH K P\OneDrive\Desktop\insecure-code-viz-main\repos\Java-Projects-Collections-main\Projects\Image Gallery\modules\Gallery.Class.php,63,Using user input when deleting files with `unlink()` is potentially dangerous. A malicious actor could use this to modify or access files they have no right to.,Unlink Use,MEDIUM,LOW,Semgrep
Java-Projects-Collections-main,PHP,C:\Users\DHANUSH K P\OneDrive\Desktop\insecure-code-viz-main\repos\Java-Projects-Collections-main\Projects\Image Gallery\modules\Photos.Class.php,39,Using user input when deleting files with `unlink()` is potentially dangerous. A malicious actor could use this to modify or access files they have no right to.,Unlink Use,MEDIUM,LOW,Semgrep
Java-Projects-Collections-main,Java,C:\Users\DHANUSH K P\OneDrive\Desktop\insecure-code-viz-main\repos\Java-Projects-Collections-main\Projects\JAVA SERVER CLIENT NETWORKING(SAME DEVICE)\ClientProgram.java,5,"Detected use of a Java socket that is not encrypted. As a result, the traffic could be read by an attacker intercepting the network traffic. Use an SSLSocket created by 'SSLSocketFactory' or 'SSLServerSocketFactory' instead.",Audit Crypto Unencrypted Socket,MEDIUM,HIGH,Semgrep
Java-Projects-Collections-main,Java,C:\Users\DHANUSH K P\OneDrive\Desktop\insecure-code-viz-main\repos\Java-Projects-Collections-main\Projects\JAVA SERVER CLIENT NETWORKING(SAME DEVICE)\ServerProgram.java,5,"Detected use of a Java socket that is not encrypted. As a result, the traffic could be read by an attacker intercepting the network traffic. Use an SSLSocket created by 'SSLSocketFactory' or 'SSLServerSocketFactory' instead.",Audit Crypto Unencrypted Socket,MEDIUM,HIGH,Semgrep
Java-Projects-Collections-main,Java,C:\Users\DHANUSH K P\OneDrive\Desktop\insecure-code-viz-main\repos\Java-Projects-Collections-main\Projects\JavaCodes\DomesticFlight.java,232,"Found object deserialization using ObjectInputStream. Deserializing entire Java objects is dangerous because malicious actors can create Java object streams with unintended consequences. Ensure that the objects being deserialized are not user-controlled. If this must be done, consider using HMACs to sign the data stream to make sure it is not tampered with, or consider only transmitting object fields and populating a new object.",Audit Object Deserialization,MEDIUM,LOW,Semgrep
Java-Projects-Collections-main,Java,C:\Users\DHANUSH K P\OneDrive\Desktop\insecure-code-viz-main\repos\Java-Projects-Collections-main\Projects\JavaCodes\FlipCoin.java,16,"Detected use of the functions `Math.random()` or `java.util.Random()`. These are both not cryptographically strong random number generators (RNGs). If you are using these RNGs to create passwords or secret tokens, use `java.security.SecureRandom` instead.",Audit Crypto Weak Random,MEDIUM,LOW,Semgrep
Java-Projects-Collections-main,Java,C:\Users\DHANUSH K P\OneDrive\Desktop\insecure-code-viz-main\repos\Java-Projects-Collections-main\Projects\JavaCodes\InternationalFlight.java,232,"Found object deserialization using ObjectInputStream. Deserializing entire Java objects is dangerous because malicious actors can create Java object streams with unintended consequences. Ensure that the objects being deserialized are not user-controlled. If this must be done, consider using HMACs to sign the data stream to make sure it is not tampered with, or consider only transmitting object fields and populating a new object.",Audit Object Deserialization,MEDIUM,LOW,Semgrep
Java-Projects-Collections-main,Java,C:\Users\DHANUSH K P\OneDrive\Desktop\insecure-code-viz-main\repos\Java-Projects-Collections-main\Projects\JavaCodes\OpenWeatherMap.java,15,"Detected an HTTP request sent via HttpURLConnection. This could lead to sensitive information being sent over an insecure channel. Instead, it is recommended to send requests over HTTPS.",Problem Based Packs Insecure Transport Java S,MEDIUM,MEDIUM,Semgrep
Java-Projects-Collections-main,Java,C:\Users\DHANUSH K P\OneDrive\Desktop\insecure-code-viz-main\repos\Java-Projects-Collections-main\Projects\JavaCodes\Serialization.java,24,"Found object deserialization using ObjectInputStream. Deserializing entire Java objects is dangerous because malicious actors can create Java object streams with unintended consequences. Ensure that the objects being deserialized are not user-controlled. If this must be done, consider using HMACs to sign the data stream to make sure it is not tampered with, or consider only transmitting object fields and populating a new object.",Audit Object Deserialization,MEDIUM,LOW,Semgrep
Java-Projects-Collections-main,Java,C:\Users\DHANUSH K P\OneDrive\Desktop\insecure-code-viz-main\repos\Java-Projects-Collections-main\Projects\JavaCodes\SerializationDemo.java,19,"Found object deserialization using ObjectInputStream. Deserializing entire Java objects is dangerous because malicious actors can create Java object streams with unintended consequences. Ensure that the objects being deserialized are not user-controlled. If this must be done, consider using HMACs to sign the data stream to make sure it is not tampered with, or consider only transmitting object fields and populating a new object.",Audit Object Deserialization,MEDIUM,LOW,Semgrep
Java-Projects-Collections-main,Java,C:\Users\DHANUSH K P\OneDrive\Desktop\insecure-code-viz-main\repos\Java-Projects-Collections-main\Projects\JavaCodes\UrlShortener.java,24,Detected MD5 hash algorithm which is considered insecure. MD5 is not collision resistant and is therefore not suitable as a cryptographic signature. Use HMAC instead.,Audit Crypto Use Of Md5,MEDIUM,HIGH,Semgrep
Java-Projects-Collections-main,Java,C:\Users\DHANUSH K P\OneDrive\Desktop\insecure-code-viz-main\repos\Java-Projects-Collections-main\Projects\JavaCodes\currencyconvert.java,56,"Detected a request with potential user-input going into a OutputStream or Writer object. This bypasses any view or template environments, including HTML escaping, which may expose this application to cross-site scripting (XSS) vulnerabilities. Consider using a view technology such as JavaServer Faces (JSFs) which automatically escapes HTML views.",Audit Xss No Direct Response Writer,MEDIUM,MEDIUM,Semgrep
Java-Projects-Collections-main,Java,C:\Users\DHANUSH K P\OneDrive\Desktop\insecure-code-viz-main\repos\Java-Projects-Collections-main\Projects\JavaCodes\currencyconvert.java,60,"Detected a request with potential user-input going into a OutputStream or Writer object. This bypasses any view or template environments, including HTML escaping, which may expose this application to cross-site scripting (XSS) vulnerabilities. Consider using a view technology such as JavaServer Faces (JSFs) which automatically escapes HTML views.",Audit Xss No Direct Response Writer,MEDIUM,MEDIUM,Semgrep
Java-Projects-Collections-main,Unknown,C:\Users\DHANUSH K P\OneDrive\Desktop\insecure-code-viz-main\repos\Java-Projects-Collections-main\Projects\Language Translator\index.html,7,"This tag is missing an 'integrity' subresource integrity attribute. The 'integrity' attribute allows for the browser to verify that externally hosted files (for example from a CDN) are delivered without unexpected manipulation. Without this attribute, if an attacker can modify the externally hosted resource, this could lead to XSS and other types of attacks. To prevent this, include the base64-encoded cryptographic hash of the resource (file) you’re telling the browser to fetch in the 'integrity' attribute for all externally hosted files.",Missing Integrity Attribute,MEDIUM,LOW,Semgrep
Java-Projects-Collections-main,Unknown,C:\Users\DHANUSH K P\OneDrive\Desktop\insecure-code-viz-main\repos\Java-Projects-Collections-main\Projects\Language Translator\index.html,8,"This tag is missing an 'integrity' subresource integrity attribute. The 'integrity' attribute allows for the browser to verify that externally hosted files (for example from a CDN) are delivered without unexpected manipulation. Without this attribute, if an attacker can modify the externally hosted resource, this could lead to XSS and other types of attacks. To prevent this, include the base64-encoded cryptographic hash of the resource (file) you’re telling the browser to fetch in the 'integrity' attribute for all externally hosted files.",Missing Integrity Attribute,MEDIUM,LOW,Semgrep
Java-Projects-Collections-main,Java,C:\Users\DHANUSH K P\OneDrive\Desktop\insecure-code-viz-main\repos\Java-Projects-Collections-main\Projects\LibraryMangement\src\AddBookMenu.java,54,Detected a formatted string in a SQL statement. This could lead to SQL injection if variables in the SQL statement are not properly sanitized. Use a prepared statements (java.sql.PreparedStatement) instead. You can obtain a PreparedStatement using 'connection.prepareStatement'.,Audit Sqli Jdbc Sqli,MEDIUM,LOW,Semgrep
Java-Projects-Collections-main,Java,C:\Users\DHANUSH K P\OneDrive\Desktop\insecure-code-viz-main\repos\Java-Projects-Collections-main\Projects\LibraryMangement\src\AddMemberMenu.java,46,Detected a formatted string in a SQL statement. This could lead to SQL injection if variables in the SQL statement are not properly sanitized. Use a prepared statements (java.sql.PreparedStatement) instead. You can obtain a PreparedStatement using 'connection.prepareStatement'.,Audit Sqli Jdbc Sqli,MEDIUM,LOW,Semgrep
Java-Projects-Collections-main,Java,C:\Users\DHANUSH K P\OneDrive\Desktop\insecure-code-viz-main\repos\Java-Projects-Collections-main\Projects\LibraryMangement\src\LibFunctions.java,44,Detected a formatted string in a SQL statement. This could lead to SQL injection if variables in the SQL statement are not properly sanitized. Use a prepared statements (java.sql.PreparedStatement) instead. You can obtain a PreparedStatement using 'connection.prepareStatement'.,Audit Sqli Jdbc Sqli,MEDIUM,LOW,Semgrep
Java-Projects-Collections-main,Java,C:\Users\DHANUSH K P\OneDrive\Desktop\insecure-code-viz-main\repos\Java-Projects-Collections-main\Projects\LibraryMangement\src\LibFunctions.java,48,Detected a formatted string in a SQL statement. This could lead to SQL injection if variables in the SQL statement are not properly sanitized. Use a prepared statements (java.sql.PreparedStatement) instead. You can obtain a PreparedStatement using 'connection.prepareStatement'.,Audit Sqli Jdbc Sqli,MEDIUM,LOW,Semgrep
Java-Projects-Collections-main,Java,C:\Users\DHANUSH K P\OneDrive\Desktop\insecure-code-viz-main\repos\Java-Projects-Collections-main\Projects\LibraryMangement\src\LibFunctions.java,50,Detected a formatted string in a SQL statement. This could lead to SQL injection if variables in the SQL statement are not properly sanitized. Use a prepared statements (java.sql.PreparedStatement) instead. You can obtain a PreparedStatement using 'connection.prepareStatement'.,Audit Sqli Jdbc Sqli,MEDIUM,LOW,Semgrep
Java-Projects-Collections-main,Java,C:\Users\DHANUSH K P\OneDrive\Desktop\insecure-code-viz-main\repos\Java-Projects-Collections-main\Projects\LibraryMangement\src\LibFunctions.java,98,Detected a formatted string in a SQL statement. This could lead to SQL injection if variables in the SQL statement are not properly sanitized. Use a prepared statements (java.sql.PreparedStatement) instead. You can obtain a PreparedStatement using 'connection.prepareStatement'.,Audit Sqli Jdbc Sqli,MEDIUM,LOW,Semgrep
Java-Projects-Collections-main,Java,C:\Users\DHANUSH K P\OneDrive\Desktop\insecure-code-viz-main\repos\Java-Projects-Collections-main\Projects\LibraryMangement\src\LibFunctions.java,102,Detected a formatted string in a SQL statement. This could lead to SQL injection if variables in the SQL statement are not properly sanitized. Use a prepared statements (java.sql.PreparedStatement) instead. You can obtain a PreparedStatement using 'connection.prepareStatement'.,Audit Sqli Jdbc Sqli,MEDIUM,LOW,Semgrep
Java-Projects-Collections-main,Java,C:\Users\DHANUSH K P\OneDrive\Desktop\insecure-code-viz-main\repos\Java-Projects-Collections-main\Projects\LibraryMangement\src\LibFunctions.java,104,Detected a formatted string in a SQL statement. This could lead to SQL injection if variables in the SQL statement are not properly sanitized. Use a prepared statements (java.sql.PreparedStatement) instead. You can obtain a PreparedStatement using 'connection.prepareStatement'.,Audit Sqli Jdbc Sqli,MEDIUM,LOW,Semgrep
Java-Projects-Collections-main,Java,C:\Users\DHANUSH K P\OneDrive\Desktop\insecure-code-viz-main\repos\Java-Projects-Collections-main\Projects\LibraryMangement\src\LibUtil.java,26,"If an attacker can supply values that the application then uses to determine which class to instantiate or which method to invoke, the potential exists for the attacker to create control flow paths through the application that were not intended by the application developers. This attack vector may allow the attacker to bypass authentication or access control checks or otherwise cause the application to behave in an unexpected manner.",Audit Unsafe Reflection,MEDIUM,LOW,Semgrep
Java-Projects-Collections-main,Unknown,C:\Users\DHANUSH K P\OneDrive\Desktop\insecure-code-viz-main\repos\Java-Projects-Collections-main\Projects\Lost and found application\app\src\main\AndroidManifest.xml,26,The application exports an activity. Any application on the device can launch the exported activity which may compromise the integrity of your application or its data. Ensure that any exported activities do not have privileged access to your application's control plane.,Exported Activity,MEDIUM,MEDIUM,Semgrep
Java-Projects-Collections-main,Unknown,C:\Users\DHANUSH K P\OneDrive\Desktop\insecure-code-viz-main\repos\Java-Projects-Collections-main\Projects\Lost and found application\app\src\main\AndroidManifest.xml,38,The application exports an activity. Any application on the device can launch the exported activity which may compromise the integrity of your application or its data. Ensure that any exported activities do not have privileged access to your application's control plane.,Exported Activity,MEDIUM,MEDIUM,Semgrep
Java-Projects-Collections-main,Unknown,C:\Users\DHANUSH K P\OneDrive\Desktop\insecure-code-viz-main\repos\Java-Projects-Collections-main\Projects\MST-GRADE-CALCULATOR\index.html,8,"This tag is missing an 'integrity' subresource integrity attribute. The 'integrity' attribute allows for the browser to verify that externally hosted files (for example from a CDN) are delivered without unexpected manipulation. Without this attribute, if an attacker can modify the externally hosted resource, this could lead to XSS and other types of attacks. To prevent this, include the base64-encoded cryptographic hash of the resource (file) you’re telling the browser to fetch in the 'integrity' attribute for all externally hosted files.",Missing Integrity Attribute,MEDIUM,LOW,Semgrep
Java-Projects-Collections-main,JavaScript,C:\Users\DHANUSH K P\OneDrive\Desktop\insecure-code-viz-main\repos\Java-Projects-Collections-main\Projects\News-Web-App-master\src\components\News.js,17,Generic API Key detected,Detected Generic Api Key,HIGH,LOW,Semgrep
Java-Projects-Collections-main,JavaScript,C:\Users\DHANUSH K P\OneDrive\Desktop\insecure-code-viz-main\repos\Java-Projects-Collections-main\Projects\News-Web-App-master\src\components\News.js,27,Generic API Key detected,Detected Generic Api Key,HIGH,LOW,Semgrep
Java-Projects-Collections-main,JavaScript,C:\Users\DHANUSH K P\OneDrive\Desktop\insecure-code-viz-main\repos\Java-Projects-Collections-main\Projects\News-Web-App-master\src\components\News.js,45,Generic API Key detected,Detected Generic Api Key,HIGH,LOW,Semgrep
Java-Projects-Collections-main,Java,C:\Users\DHANUSH K P\OneDrive\Desktop\insecure-code-viz-main\repos\Java-Projects-Collections-main\Projects\Online Book Store\WEB-INF\classes\obs\User.java,112,Detected a formatted string in a SQL statement. This could lead to SQL injection if variables in the SQL statement are not properly sanitized. Use a prepared statements (java.sql.PreparedStatement) instead. You can obtain a PreparedStatement using 'connection.prepareStatement'.,Audit Formatted Sql String,HIGH,MEDIUM,Semgrep
Java-Projects-Collections-main,Unknown,C:\Users\DHANUSH K P\OneDrive\Desktop\insecure-code-viz-main\repos\Java-Projects-Collections-main\Projects\Online Book Store\login.html,15,Manually-created forms in django templates should specify a csrf_token to prevent CSRF attacks.,Django No CSRF Token,MEDIUM,MEDIUM,Semgrep
Java-Projects-Collections-main,Java,C:\Users\DHANUSH K P\OneDrive\Desktop\insecure-code-viz-main\repos\Java-Projects-Collections-main\Projects\Quiz project\Client.java,17,"Detected use of a Java socket that is not encrypted. As a result, the traffic could be read by an attacker intercepting the network traffic. Use an SSLSocket created by 'SSLSocketFactory' or 'SSLServerSocketFactory' instead.",Audit Crypto Unencrypted Socket,MEDIUM,HIGH,Semgrep
Java-Projects-Collections-main,Java,C:\Users\DHANUSH K P\OneDrive\Desktop\insecure-code-viz-main\repos\Java-Projects-Collections-main\Projects\Quiz project\ClientThread.java,66,"Detected use of a Java socket that is not encrypted. As a result, the traffic could be read by an attacker intercepting the network traffic. Use an SSLSocket created by 'SSLSocketFactory' or 'SSLServerSocketFactory' instead.",Audit Crypto Unencrypted Socket,MEDIUM,HIGH,Semgrep
Java-Projects-Collections-main,Java,C:\Users\DHANUSH K P\OneDrive\Desktop\insecure-code-viz-main\repos\Java-Projects-Collections-main\Projects\Restaurant-management-system\UserInterface_GUI.java,96,"Detected use of the functions `Math.random()` or `java.util.Random()`. These are both not cryptographically strong random number generators (RNGs). If you are using these RNGs to create passwords or secret tokens, use `java.security.SecureRandom` instead.",Audit Crypto Weak Random,MEDIUM,LOW,Semgrep
Java-Projects-Collections-main,Unknown,C:\Users\DHANUSH K P\OneDrive\Desktop\insecure-code-viz-main\repos\Java-Projects-Collections-main\Projects\Resume Builder\index.html,8,"This tag is missing an 'integrity' subresource integrity attribute. The 'integrity' attribute allows for the browser to verify that externally hosted files (for example from a CDN) are delivered without unexpected manipulation. Without this attribute, if an attacker can modify the externally hosted resource, this could lead to XSS and other types of attacks. To prevent this, include the base64-encoded cryptographic hash of the resource (file) you’re telling the browser to fetch in the 'integrity' attribute for all externally hosted files.",Missing Integrity Attribute,MEDIUM,LOW,Semgrep
Java-Projects-Collections-main,Unknown,C:\Users\DHANUSH K P\OneDrive\Desktop\insecure-code-viz-main\repos\Java-Projects-Collections-main\Projects\Resume Builder\index.html,153,This link points to a plaintext HTTP URL. Prefer an encrypted HTTPS URL if possible.,Plaintext Http Link,MEDIUM,HIGH,Semgrep
Java-Projects-Collections-main,Unknown,C:\Users\DHANUSH K P\OneDrive\Desktop\insecure-code-viz-main\repos\Java-Projects-Collections-main\Projects\Resume Builder\index.html,159,This link points to a plaintext HTTP URL. Prefer an encrypted HTTPS URL if possible.,Plaintext Http Link,MEDIUM,HIGH,Semgrep
Java-Projects-Collections-main,Unknown,C:\Users\DHANUSH K P\OneDrive\Desktop\insecure-code-viz-main\repos\Java-Projects-Collections-main\Projects\Resume Builder\index.html,165,This link points to a plaintext HTTP URL. Prefer an encrypted HTTPS URL if possible.,Plaintext Http Link,MEDIUM,HIGH,Semgrep
Java-Projects-Collections-main,Java,C:\Users\DHANUSH K P\OneDrive\Desktop\insecure-code-viz-main\repos\Java-Projects-Collections-main\Projects\Resume Builder\src\org\pk\resume\builder\dao\DBConnect.java,93,Detected a formatted string in a SQL statement. This could lead to SQL injection if variables in the SQL statement are not properly sanitized. Use a prepared statements (java.sql.PreparedStatement) instead. You can obtain a PreparedStatement using 'connection.prepareStatement'.,Audit Sqli Jdbc Sqli,MEDIUM,LOW,Semgrep
Java-Projects-Collections-main,Java,C:\Users\DHANUSH K P\OneDrive\Desktop\insecure-code-viz-main\repos\Java-Projects-Collections-main\Projects\Resume Builder\src\org\pk\resume\builder\dao\DBConnect.java,143,Detected a formatted string in a SQL statement. This could lead to SQL injection if variables in the SQL statement are not properly sanitized. Use a prepared statements (java.sql.PreparedStatement) instead. You can obtain a PreparedStatement using 'connection.prepareStatement'.,Audit Sqli Jdbc Sqli,MEDIUM,LOW,Semgrep
Java-Projects-Collections-main,Java,C:\Users\DHANUSH K P\OneDrive\Desktop\insecure-code-viz-main\repos\Java-Projects-Collections-main\Projects\Resume Builder\src\org\pk\resume\builder\dao\DBConnect.java,188,Detected a formatted string in a SQL statement. This could lead to SQL injection if variables in the SQL statement are not properly sanitized. Use a prepared statements (java.sql.PreparedStatement) instead. You can obtain a PreparedStatement using 'connection.prepareStatement'.,Audit Sqli Jdbc Sqli,MEDIUM,LOW,Semgrep
Java-Projects-Collections-main,Java,C:\Users\DHANUSH K P\OneDrive\Desktop\insecure-code-viz-main\repos\Java-Projects-Collections-main\Projects\Resume Builder\src\org\pk\resume\builder\dao\DBConnect.java,235,Detected a formatted string in a SQL statement. This could lead to SQL injection if variables in the SQL statement are not properly sanitized. Use a prepared statements (java.sql.PreparedStatement) instead. You can obtain a PreparedStatement using 'connection.prepareStatement'.,Audit Sqli Jdbc Sqli,MEDIUM,LOW,Semgrep
Java-Projects-Collections-main,Java,C:\Users\DHANUSH K P\OneDrive\Desktop\insecure-code-viz-main\repos\Java-Projects-Collections-main\Projects\Resume Builder\src\org\pk\resume\builder\dao\DBConnect.java,319,Detected a formatted string in a SQL statement. This could lead to SQL injection if variables in the SQL statement are not properly sanitized. Use a prepared statements (java.sql.PreparedStatement) instead. You can obtain a PreparedStatement using 'connection.prepareStatement'.,Audit Sqli Jdbc Sqli,MEDIUM,LOW,Semgrep
Java-Projects-Collections-main,Java,C:\Users\DHANUSH K P\OneDrive\Desktop\insecure-code-viz-main\repos\Java-Projects-Collections-main\Projects\Resume Builder\src\org\pk\resume\builder\dao\DBConnect.java,361,Detected a formatted string in a SQL statement. This could lead to SQL injection if variables in the SQL statement are not properly sanitized. Use a prepared statements (java.sql.PreparedStatement) instead. You can obtain a PreparedStatement using 'connection.prepareStatement'.,Audit Sqli Jdbc Sqli,MEDIUM,LOW,Semgrep
Java-Projects-Collections-main,PHP,C:\Users\DHANUSH K P\OneDrive\Desktop\insecure-code-viz-main\repos\Java-Projects-Collections-main\Projects\SY_Minor_Project\bb_login.php,24,Make sure comparisons involving md5 values are strict (use `===` not `==`) to avoid type juggling issues,Md5 Loose Equality,HIGH,LOW,Semgrep
Java-Projects-Collections-main,Unknown,C:\Users\DHANUSH K P\OneDrive\Desktop\insecure-code-viz-main\repos\Java-Projects-Collections-main\Projects\SY_Minor_Project\contact.html,8,"This tag is missing an 'integrity' subresource integrity attribute. The 'integrity' attribute allows for the browser to verify that externally hosted files (for example from a CDN) are delivered without unexpected manipulation. Without this attribute, if an attacker can modify the externally hosted resource, this could lead to XSS and other types of attacks. To prevent this, include the base64-encoded cryptographic hash of the resource (file) you’re telling the browser to fetch in the 'integrity' attribute for all externally hosted files.",Missing Integrity Attribute,MEDIUM,LOW,Semgrep
Java-Projects-Collections-main,Unknown,C:\Users\DHANUSH K P\OneDrive\Desktop\insecure-code-viz-main\repos\Java-Projects-Collections-main\Projects\SY_Minor_Project\donor (1).html,7,"This tag is missing an 'integrity' subresource integrity attribute. The 'integrity' attribute allows for the browser to verify that externally hosted files (for example from a CDN) are delivered without unexpected manipulation. Without this attribute, if an attacker can modify the externally hosted resource, this could lead to XSS and other types of attacks. To prevent this, include the base64-encoded cryptographic hash of the resource (file) you’re telling the browser to fetch in the 'integrity' attribute for all externally hosted files.",Missing Integrity Attribute,MEDIUM,LOW,Semgrep
Java-Projects-Collections-main,Unknown,C:\Users\DHANUSH K P\OneDrive\Desktop\insecure-code-viz-main\repos\Java-Projects-Collections-main\Projects\SY_Minor_Project\donor.html,7,"This tag is missing an 'integrity' subresource integrity attribute. The 'integrity' attribute allows for the browser to verify that externally hosted files (for example from a CDN) are delivered without unexpected manipulation. Without this attribute, if an attacker can modify the externally hosted resource, this could lead to XSS and other types of attacks. To prevent this, include the base64-encoded cryptographic hash of the resource (file) you’re telling the browser to fetch in the 'integrity' attribute for all externally hosted files.",Missing Integrity Attribute,MEDIUM,LOW,Semgrep
Java-Projects-Collections-main,PHP,C:\Users\DHANUSH K P\OneDrive\Desktop\insecure-code-viz-main\repos\Java-Projects-Collections-main\Projects\SY_Minor_Project\hl_login.php,24,Make sure comparisons involving md5 values are strict (use `===` not `==`) to avoid type juggling issues,Md5 Loose Equality,HIGH,LOW,Semgrep
Java-Projects-Collections-main,Unknown,C:\Users\DHANUSH K P\OneDrive\Desktop\insecure-code-viz-main\repos\Java-Projects-Collections-main\Projects\SY_Minor_Project\howtodonate.html,7,"This tag is missing an 'integrity' subresource integrity attribute. The 'integrity' attribute allows for the browser to verify that externally hosted files (for example from a CDN) are delivered without unexpected manipulation. Without this attribute, if an attacker can modify the externally hosted resource, this could lead to XSS and other types of attacks. To prevent this, include the base64-encoded cryptographic hash of the resource (file) you’re telling the browser to fetch in the 'integrity' attribute for all externally hosted files.",Missing Integrity Attribute,MEDIUM,LOW,Semgrep
Java-Projects-Collections-main,Unknown,C:\Users\DHANUSH K P\OneDrive\Desktop\insecure-code-viz-main\repos\Java-Projects-Collections-main\Projects\SY_Minor_Project\index.html,7,"This tag is missing an 'integrity' subresource integrity attribute. The 'integrity' attribute allows for the browser to verify that externally hosted files (for example from a CDN) are delivered without unexpected manipulation. Without this attribute, if an attacker can modify the externally hosted resource, this could lead to XSS and other types of attacks. To prevent this, include the base64-encoded cryptographic hash of the resource (file) you’re telling the browser to fetch in the 'integrity' attribute for all externally hosted files.",Missing Integrity Attribute,MEDIUM,LOW,Semgrep
Java-Projects-Collections-main,Unknown,C:\Users\DHANUSH K P\OneDrive\Desktop\insecure-code-viz-main\repos\Java-Projects-Collections-main\Projects\SY_Minor_Project\login.html,22,Manually-created forms in django templates should specify a csrf_token to prevent CSRF attacks.,Django No CSRF Token,MEDIUM,MEDIUM,Semgrep
Java-Projects-Collections-main,PHP,C:\Users\DHANUSH K P\OneDrive\Desktop\insecure-code-viz-main\repos\Java-Projects-Collections-main\Projects\SY_Minor_Project\login.php,23,Make sure comparisons involving md5 values are strict (use `===` not `==`) to avoid type juggling issues,Md5 Loose Equality,HIGH,LOW,Semgrep
Java-Projects-Collections-main,PHP,C:\Users\DHANUSH K P\OneDrive\Desktop\insecure-code-viz-main\repos\Java-Projects-Collections-main\Projects\SY_Minor_Project\request.php,22,"User data flows into this manually-constructed SQL string. User data can be safely inserted into SQL strings using prepared statements or an object-relational mapper (ORM). Manually-constructed SQL strings is a possible indicator of SQL injection, which could let an attacker steal or manipulate data from the database. Instead, use prepared statements (`$mysqli->prepare(""INSERT INTO test(id, label) VALUES (?, ?)"");`) or a safe library.",Injection Tainted Sql String,HIGH,MEDIUM,Semgrep
Java-Projects-Collections-main,Unknown,C:\Users\DHANUSH K P\OneDrive\Desktop\insecure-code-viz-main\repos\Java-Projects-Collections-main\Projects\SY_Minor_Project\success_modal.html,7,"This tag is missing an 'integrity' subresource integrity attribute. The 'integrity' attribute allows for the browser to verify that externally hosted files (for example from a CDN) are delivered without unexpected manipulation. Without this attribute, if an attacker can modify the externally hosted resource, this could lead to XSS and other types of attacks. To prevent this, include the base64-encoded cryptographic hash of the resource (file) you’re telling the browser to fetch in the 'integrity' attribute for all externally hosted files.",Missing Integrity Attribute,MEDIUM,LOW,Semgrep
Java-Projects-Collections-main,Unknown,C:\Users\DHANUSH K P\OneDrive\Desktop\insecure-code-viz-main\repos\Java-Projects-Collections-main\Projects\Sample Project\glassmorphism\index.html,16,"This tag is missing an 'integrity' subresource integrity attribute. The 'integrity' attribute allows for the browser to verify that externally hosted files (for example from a CDN) are delivered without unexpected manipulation. Without this attribute, if an attacker can modify the externally hosted resource, this could lead to XSS and other types of attacks. To prevent this, include the base64-encoded cryptographic hash of the resource (file) you’re telling the browser to fetch in the 'integrity' attribute for all externally hosted files.",Missing Integrity Attribute,MEDIUM,LOW,Semgrep
Java-Projects-Collections-main,Unknown,C:\Users\DHANUSH K P\OneDrive\Desktop\insecure-code-viz-main\repos\Java-Projects-Collections-main\Projects\Sample Project\glassmorphism\index.html,17,"This tag is missing an 'integrity' subresource integrity attribute. The 'integrity' attribute allows for the browser to verify that externally hosted files (for example from a CDN) are delivered without unexpected manipulation. Without this attribute, if an attacker can modify the externally hosted resource, this could lead to XSS and other types of attacks. To prevent this, include the base64-encoded cryptographic hash of the resource (file) you’re telling the browser to fetch in the 'integrity' attribute for all externally hosted files.",Missing Integrity Attribute,MEDIUM,LOW,Semgrep
Java-Projects-Collections-main,Unknown,C:\Users\DHANUSH K P\OneDrive\Desktop\insecure-code-viz-main\repos\Java-Projects-Collections-main\Projects\Shop Management System\launch.html,8,"This tag is missing an 'integrity' subresource integrity attribute. The 'integrity' attribute allows for the browser to verify that externally hosted files (for example from a CDN) are delivered without unexpected manipulation. Without this attribute, if an attacker can modify the externally hosted resource, this could lead to XSS and other types of attacks. To prevent this, include the base64-encoded cryptographic hash of the resource (file) you’re telling the browser to fetch in the 'integrity' attribute for all externally hosted files.",Missing Integrity Attribute,MEDIUM,LOW,Semgrep
Java-Projects-Collections-main,Python,C:\Users\DHANUSH K P\OneDrive\Desktop\insecure-code-viz-main\repos\Java-Projects-Collections-main\Projects\Simple-Plagiarism-Checker-Project\plag.py,96,"top-level app.run(...) is ignored by flask. Consider putting app.run(...) behind a guard, like inside a function",Config Avoid Using App Run Directly,MEDIUM,MEDIUM,Semgrep
Java-Projects-Collections-main,Unknown,C:\Users\DHANUSH K P\OneDrive\Desktop\insecure-code-viz-main\repos\Java-Projects-Collections-main\Projects\Simple-Plagiarism-Checker-Project\templates\index.html,4,Manually-created forms in django templates should specify a csrf_token to prevent CSRF attacks.,Django No CSRF Token,MEDIUM,MEDIUM,Semgrep
Java-Projects-Collections-main,Java,C:\Users\DHANUSH K P\OneDrive\Desktop\insecure-code-viz-main\repos\Java-Projects-Collections-main\Projects\Software Piracy Control\src\gg.java,153,Detected a formatted string in a SQL statement. This could lead to SQL injection if variables in the SQL statement are not properly sanitized. Use a prepared statements (java.sql.PreparedStatement) instead. You can obtain a PreparedStatement using 'connection.prepareStatement'.,Audit Sqli Jdbc Sqli,MEDIUM,LOW,Semgrep
Java-Projects-Collections-main,Unknown,C:\Users\DHANUSH K P\OneDrive\Desktop\insecure-code-viz-main\repos\Java-Projects-Collections-main\Projects\TicTacToe Android apk\app\src\main\AndroidManifest.xml,15,The application exports an activity. Any application on the device can launch the exported activity which may compromise the integrity of your application or its data. Ensure that any exported activities do not have privileged access to your application's control plane.,Exported Activity,MEDIUM,MEDIUM,Semgrep
Java-Projects-Collections-main,Unknown,C:\Users\DHANUSH K P\OneDrive\Desktop\insecure-code-viz-main\repos\Java-Projects-Collections-main\Projects\ToDoApp_JS\index.html,31,"This tag is missing an 'integrity' subresource integrity attribute. The 'integrity' attribute allows for the browser to verify that externally hosted files (for example from a CDN) are delivered without unexpected manipulation. Without this attribute, if an attacker can modify the externally hosted resource, this could lead to XSS and other types of attacks. To prevent this, include the base64-encoded cryptographic hash of the resource (file) you’re telling the browser to fetch in the 'integrity' attribute for all externally hosted files.",Missing Integrity Attribute,MEDIUM,LOW,Semgrep
Java-Projects-Collections-main,Unknown,C:\Users\DHANUSH K P\OneDrive\Desktop\insecure-code-viz-main\repos\Java-Projects-Collections-main\Projects\Women-Safety-App-master\app\src\main\AndroidManifest.xml,19,The application exports an activity. Any application on the device can launch the exported activity which may compromise the integrity of your application or its data. Ensure that any exported activities do not have privileged access to your application's control plane.,Exported Activity,MEDIUM,MEDIUM,Semgrep
Java-Projects-Collections-main,Unknown,C:\Users\DHANUSH K P\OneDrive\Desktop\insecure-code-viz-main\repos\Java-Projects-Collections-main\Projects\app\src\main\AndroidManifest.xml,15,The application exports an activity. Any application on the device can launch the exported activity which may compromise the integrity of your application or its data. Ensure that any exported activities do not have privileged access to your application's control plane.,Exported Activity,MEDIUM,MEDIUM,Semgrep
Java-Projects-Collections-main,Java,C:\Users\DHANUSH K P\OneDrive\Desktop\insecure-code-viz-main\repos\Java-Projects-Collections-main\Projects\banking application\bankmanagemment.java,35,Detected a formatted string in a SQL statement. This could lead to SQL injection if variables in the SQL statement are not properly sanitized. Use a prepared statements (java.sql.PreparedStatement) instead. You can obtain a PreparedStatement using 'connection.prepareStatement'.,Audit Formatted Sql String,HIGH,MEDIUM,Semgrep
Java-Projects-Collections-main,Java,C:\Users\DHANUSH K P\OneDrive\Desktop\insecure-code-viz-main\repos\Java-Projects-Collections-main\Projects\banking application\bankmanagemment.java,64,Detected a formatted string in a SQL statement. This could lead to SQL injection if variables in the SQL statement are not properly sanitized. Use a prepared statements (java.sql.PreparedStatement) instead. You can obtain a PreparedStatement using 'connection.prepareStatement'.,Audit Formatted Sql String,HIGH,MEDIUM,Semgrep
Java-Projects-Collections-main,Unknown,C:\Users\DHANUSH K P\OneDrive\Desktop\insecure-code-viz-main\repos\Java-Projects-Collections-main\Projects\curd_application\public\index.html,13,"This tag is missing an 'integrity' subresource integrity attribute. The 'integrity' attribute allows for the browser to verify that externally hosted files (for example from a CDN) are delivered without unexpected manipulation. Without this attribute, if an attacker can modify the externally hosted resource, this could lead to XSS and other types of attacks. To prevent this, include the base64-encoded cryptographic hash of the resource (file) you’re telling the browser to fetch in the 'integrity' attribute for all externally hosted files.",Missing Integrity Attribute,MEDIUM,LOW,Semgrep
Java-Projects-Collections-main,Java,C:\Users\DHANUSH K P\OneDrive\Desktop\insecure-code-viz-main\repos\Java-Projects-Collections-main\Projects\currency Convertor\currency.java,83,"Detected a request with potential user-input going into a OutputStream or Writer object. This bypasses any view or template environments, including HTML escaping, which may expose this application to cross-site scripting (XSS) vulnerabilities. Consider using a view technology such as JavaServer Faces (JSFs) which automatically escapes HTML views.",Audit Xss No Direct Response Writer,MEDIUM,MEDIUM,Semgrep
Java-Projects-Collections-main,Java,C:\Users\DHANUSH K P\OneDrive\Desktop\insecure-code-viz-main\repos\Java-Projects-Collections-main\Projects\currency Convertor\currency.java,88,"Detected a request with potential user-input going into a OutputStream or Writer object. This bypasses any view or template environments, including HTML escaping, which may expose this application to cross-site scripting (XSS) vulnerabilities. Consider using a view technology such as JavaServer Faces (JSFs) which automatically escapes HTML views.",Audit Xss No Direct Response Writer,MEDIUM,MEDIUM,Semgrep
Java-Projects-Collections-main,Unknown,C:\Users\DHANUSH K P\OneDrive\Desktop\insecure-code-viz-main\repos\Java-Projects-Collections-main\Projects\note-taking-app\index.html,12,"This tag is missing an 'integrity' subresource integrity attribute. The 'integrity' attribute allows for the browser to verify that externally hosted files (for example from a CDN) are delivered without unexpected manipulation. Without this attribute, if an attacker can modify the externally hosted resource, this could lead to XSS and other types of attacks. To prevent this, include the base64-encoded cryptographic hash of the resource (file) you’re telling the browser to fetch in the 'integrity' attribute for all externally hosted files.",Missing Integrity Attribute,MEDIUM,LOW,Semgrep
Java-Projects-Collections-main,Unknown,C:\Users\DHANUSH K P\OneDrive\Desktop\insecure-code-viz-main\repos\Java-Projects-Collections-main\Projects\note-taking-app\index.html,13,"This tag is missing an 'integrity' subresource integrity attribute. The 'integrity' attribute allows for the browser to verify that externally hosted files (for example from a CDN) are delivered without unexpected manipulation. Without this attribute, if an attacker can modify the externally hosted resource, this could lead to XSS and other types of attacks. To prevent this, include the base64-encoded cryptographic hash of the resource (file) you’re telling the browser to fetch in the 'integrity' attribute for all externally hosted files.",Missing Integrity Attribute,MEDIUM,LOW,Semgrep
Java-Projects-Collections-main,Unknown,C:\Users\DHANUSH K P\OneDrive\Desktop\insecure-code-viz-main\repos\Java-Projects-Collections-main\Projects\note-taking-app\index.html,99,"This tag is missing an 'integrity' subresource integrity attribute. The 'integrity' attribute allows for the browser to verify that externally hosted files (for example from a CDN) are delivered without unexpected manipulation. Without this attribute, if an attacker can modify the externally hosted resource, this could lead to XSS and other types of attacks. To prevent this, include the base64-encoded cryptographic hash of the resource (file) you’re telling the browser to fetch in the 'integrity' attribute for all externally hosted files.",Missing Integrity Attribute,MEDIUM,LOW,Semgrep
Java-Projects-Collections-main,Unknown,C:\Users\DHANUSH K P\OneDrive\Desktop\insecure-code-viz-main\repos\Java-Projects-Collections-main\Projects\stock-algorithm-js-sandbox\index.html,3,"This tag is missing an 'integrity' subresource integrity attribute. The 'integrity' attribute allows for the browser to verify that externally hosted files (for example from a CDN) are delivered without unexpected manipulation. Without this attribute, if an attacker can modify the externally hosted resource, this could lead to XSS and other types of attacks. To prevent this, include the base64-encoded cryptographic hash of the resource (file) you’re telling the browser to fetch in the 'integrity' attribute for all externally hosted files.",Missing Integrity Attribute,MEDIUM,LOW,Semgrep
Java-Projects-Collections-main,Unknown,C:\Users\DHANUSH K P\OneDrive\Desktop\insecure-code-viz-main\repos\Java-Projects-Collections-main\Projects\stock-algorithm-js-sandbox\index.html,4,"This tag is missing an 'integrity' subresource integrity attribute. The 'integrity' attribute allows for the browser to verify that externally hosted files (for example from a CDN) are delivered without unexpected manipulation. Without this attribute, if an attacker can modify the externally hosted resource, this could lead to XSS and other types of attacks. To prevent this, include the base64-encoded cryptographic hash of the resource (file) you’re telling the browser to fetch in the 'integrity' attribute for all externally hosted files.",Missing Integrity Attribute,MEDIUM,LOW,Semgrep
Java-Projects-Collections-main,JavaScript,C:\Users\DHANUSH K P\OneDrive\Desktop\insecure-code-viz-main\repos\Java-Projects-Collections-main\Projects\stock-algorithm-js-sandbox\main.js,17,"Detected the use of eval(). eval() can be dangerous if used to evaluate dynamic content. If this content can be input from outside the program, this may be a code injection vulnerability. Ensure evaluated content is not definable by external sources.",Eval Usage,MEDIUM,LOW,Semgrep
